2026-04-16 14:44:45.724  WARN [ctx-nse-events] org.hibernate.orm.deprecation : HHH90000025: PostgreSQLDialect does not need to be specified explicitly using 'hibernate.dialect' (remove the property setting and it will be selected by default)
2026-04-16 14:44:45.724  WARN [ctx-nse-news] org.hibernate.orm.deprecation : HHH90000025: PostgreSQLDialect does not need to be specified explicitly using 'hibernate.dialect' (remove the property setting and it will be selected by default)
2026-04-16 14:44:46.693  INFO [ctx-global-watchlist] com.watchlist.global.service.GlobalWatchlistService : GlobalWatchlistService: initialising in-memory cache...
2026-04-16 14:44:46.694  INFO [ctx-global-watchlist] com.watchlist.global.client.NseClient : Fetching NIFTY 50 symbols from NSE API
2026-04-16 14:44:46.780  INFO [ctx-nse-news] com.companynews.newsscheduler.config.AppConfig : Initializing HttpClient with connectTimeout=5s
2026-04-16 14:44:46.789  INFO [startup-refresh-thread] com.equity.fastmovers.service.FastMoversService : refreshTodayMovers: fetching gainers/losers from NSE
2026-04-16 14:44:46.957  WARN [ctx-nse-events] org.springframework.boot.autoconfigure.orm.jpa.JpaBaseConfiguration$JpaWebConfiguration : spring.jpa.open-in-view is enabled by default. Therefore, database queries may be performed during view rendering. Explicitly configure spring.jpa.open-in-view to disable this warning
2026-04-16 14:44:47.114  INFO [ctx-nse-news] com.companynews.newsscheduler.service.SeqIdWindow : SeqId window initialized — capacity: 20 — fills naturally on first NSE fetch cycle
2026-04-16 14:44:47.117  INFO [ctx-nse-news] com.companynews.newsscheduler.service.UrlWindow : Seeding URL window from DB — capacity: 500
2026-04-16 14:44:47.245  INFO [ctx-global-watchlist] com.watchlist.global.client.NseClient : Fetched 50 NIFTY 50 symbols from NSE
2026-04-16 14:44:47.246  INFO [ctx-global-watchlist] com.watchlist.global.service.GlobalWatchlistService : Fetched 50 NIFTY 50 symbols from NSE
2026-04-16 14:44:47.440  INFO [ctx-nse-news] com.companynews.newsscheduler.service.UrlWindow : URL window seeded with 567 URLs from DB (current size: 500)
2026-04-16 14:44:47.576  INFO [startup-refresh-thread] com.equity.fastmovers.service.FastMoversService : refreshTodayMovers: upserted 10 gainers, 10 losers for 2026-04-16
2026-04-16 14:44:47.693  INFO [ctx-global-watchlist] com.watchlist.global.service.GlobalWatchlistService : Loaded 50 companies into in-memory map
2026-04-16 14:44:47.928  INFO [ctx-nse-news] com.companynews.newsscheduler.config.AppConfig : Initializing googleRssExecutor with poolSize=2
2026-04-16 14:44:47.933  INFO [ctx-nse-news] com.companynews.newsscheduler.config.AppConfig : Initializing startupScheduler (poolSize=1)
2026-04-16 14:44:47.964  INFO [ctx-nse-news] com.companynews.newsscheduler.config.AppConfig : Initializing nseTaskScheduler (poolSize=1)
2026-04-16 14:44:48.023  WARN [ctx-nse-news] org.springframework.boot.autoconfigure.orm.jpa.JpaBaseConfiguration$JpaWebConfiguration : spring.jpa.open-in-view is enabled by default. Therefore, database queries may be performed during view rendering. Explicitly configure spring.jpa.open-in-view to disable this warning
2026-04-16 14:44:48.498  INFO [ctx-nse-code] com.companycode.nse.NseEnterpriseSchedulerApplication : NSE Enterprise Scheduler is READY on port 8084
2026-04-16 14:44:48.499  INFO [ctx-nse-events] com.nseevents.nse_events_scheduler.scheduler.NseEventsScheduler : === NSE Events startup fetch triggered ===
2026-04-16 14:44:48.499  INFO [ctx-nse-code] com.companycode.nse.scheduler.NseScheduler : Startup: running company sync → sector sync
2026-04-16 14:44:48.499  INFO [ctx-nse-events] com.nseevents.nse_events_scheduler.scheduler.NseEventsScheduler : NSE Events sync started
2026-04-16 14:44:48.498  INFO [ctx-fast-movers] com.unified.UnifiedSchedulerApplication : Context ready: fast-movers
2026-04-16 14:44:48.503  INFO [ctx-nse-code] com.companycode.nse.service.NseSyncService : Starting company master sync from NSE CSV...
2026-04-16 14:44:48.682  INFO [ctx-nse-events] com.nseevents.nse_events_scheduler.service.NseEventFetchService : NSE Events fetch complete — 217 events retrieved
2026-04-16 14:44:48.717  INFO [ctx-nse-events] com.nseevents.nse_events_scheduler.service.EventWorkerService : Saved 1 event(s) for [UTIAMC]
2026-04-16 14:44:48.737  INFO [ctx-nse-events] com.nseevents.nse_events_scheduler.service.EventWorkerService : Saved 1 event(s) for [DELTACORP]
2026-04-16 14:44:48.741  INFO [ctx-global-watchlist] com.watchlist.global.GlobalWatchlistApplication : Global Watchlist Service is READY on port 8083
2026-04-16 14:44:48.741  INFO [ctx-global-watchlist] com.watchlist.global.scheduler.GlobalWatchlistScheduler : Startup: running refresh → persist
2026-04-16 14:44:48.741  INFO [ctx-global-watchlist] com.watchlist.global.service.GlobalWatchlistService : Refreshing prices for 50 companies...
2026-04-16 14:44:48.743  INFO [ctx-nse-events] com.nseevents.nse_events_scheduler.service.EventWorkerService : Saved 1 event(s) for [ENDURANCE]
2026-04-16 14:44:48.748  INFO [ctx-nse-events] com.nseevents.nse_events_scheduler.service.EventWorkerService : Saved 1 event(s) for [CYIENT]
2026-04-16 14:44:48.752  INFO [ctx-nse-events] com.nseevents.nse_events_scheduler.service.EventWorkerService : Saved 1 event(s) for [TANLA]
2026-04-16 14:44:48.756  INFO [ctx-nse-events] com.nseevents.nse_events_scheduler.service.EventWorkerService : Saved 1 event(s) for [ADANIGREEN]
2026-04-16 14:44:48.761  INFO [ctx-nse-events] com.nseevents.nse_events_scheduler.service.EventWorkerService : Saved 1 event(s) for [BBL]
2026-04-16 14:44:48.765  INFO [ctx-nse-events] com.nseevents.nse_events_scheduler.service.EventWorkerService : Saved 1 event(s) for [AURUM]
2026-04-16 14:44:48.768  INFO [ctx-nse-events] com.nseevents.nse_events_scheduler.service.EventWorkerService : Saved 1 event(s) for [INDUSINDBK]
2026-04-16 14:44:48.771  INFO [ctx-nse-news] com.companynews.newsscheduler.scheduler.GoogleRssScheduler : === Google RSS startup fetch — scheduling in 5s for NSE to complete first ===
2026-04-16 14:44:48.772  INFO [ctx-nse-events] com.nseevents.nse_events_scheduler.service.EventWorkerService : Saved 1 event(s) for [ATUL]
2026-04-16 14:44:48.772  INFO [ctx-nse-news] com.companynews.newsscheduler.scheduler.NseScheduler : === NSE startup fetch triggered ===
2026-04-16 14:44:48.772  INFO [ctx-nse-news] com.companynews.newsscheduler.scheduler.NseScheduler : NSE fetch triggered — current seqId window size: 0
2026-04-16 14:44:48.775  INFO [ctx-nse-events] com.nseevents.nse_events_scheduler.service.EventWorkerService : Saved 1 event(s) for [MBAPL]
2026-04-16 14:44:48.778  INFO [ctx-nse-events] com.nseevents.nse_events_scheduler.service.EventWorkerService : Saved 1 event(s) for [RSSOFTWARE]
2026-04-16 14:44:48.781  INFO [ctx-nse-events] com.nseevents.nse_events_scheduler.service.EventWorkerService : Saved 1 event(s) for [VASCONEQ]
2026-04-16 14:44:48.783  INFO [ctx-nse-events] com.nseevents.nse_events_scheduler.service.EventWorkerService : Saved 1 event(s) for [LTTS]
2026-04-16 14:44:48.786  INFO [ctx-nse-events] com.nseevents.nse_events_scheduler.service.EventWorkerService : Saved 1 event(s) for [SUPREMEIND]
2026-04-16 14:44:48.790  INFO [ctx-nse-events] com.nseevents.nse_events_scheduler.service.EventWorkerService : Saved 1 event(s) for [EXIDEIND]
2026-04-16 14:44:48.794  INFO [ctx-nse-events] com.nseevents.nse_events_scheduler.service.EventWorkerService : Saved 1 event(s) for [NAVINFLUOR]
2026-04-16 14:44:48.798  INFO [ctx-nse-events] com.nseevents.nse_events_scheduler.service.EventWorkerService : Saved 1 event(s) for [KANSAINER]
2026-04-16 14:44:48.800  INFO [ctx-nse-events] com.nseevents.nse_events_scheduler.service.EventWorkerService : Saved 1 event(s) for [AURIONPRO]
2026-04-16 14:44:48.802  INFO [ctx-nse-events] com.nseevents.nse_events_scheduler.service.EventWorkerService : Saved 1 event(s) for [BAJAJ-AUTO]
2026-04-16 14:44:48.806  INFO [ctx-nse-events] com.nseevents.nse_events_scheduler.service.EventWorkerService : Saved 1 event(s) for [BAJFINANCE]
2026-04-16 14:44:48.809  INFO [ctx-nse-events] com.nseevents.nse_events_scheduler.service.EventWorkerService : Saved 1 event(s) for [CEATLTD]
2026-04-16 14:44:48.811  INFO [ctx-nse-events] com.nseevents.nse_events_scheduler.service.EventWorkerService : Saved 1 event(s) for [INDIACEM]
2026-04-16 14:44:48.814  INFO [ctx-nse-events] com.nseevents.nse_events_scheduler.service.EventWorkerService : Saved 1 event(s) for [ABB]
2026-04-16 14:44:48.817  INFO [ctx-nse-events] com.nseevents.nse_events_scheduler.service.EventWorkerService : Saved 1 event(s) for [ATGL]
2026-04-16 14:44:48.819  INFO [ctx-nse-events] com.nseevents.nse_events_scheduler.service.EventWorkerService : Saved 1 event(s) for [TATAELXSI]
2026-04-16 14:44:48.822  INFO [ctx-nse-events] com.nseevents.nse_events_scheduler.service.EventWorkerService : Saved 1 event(s) for [CIPLA]
2026-04-16 14:44:48.825  INFO [ctx-nse-events] com.nseevents.nse_events_scheduler.service.EventWorkerService : Saved 1 event(s) for [OFSS]
2026-04-16 14:44:48.831  INFO [ctx-nse-events] com.nseevents.nse_events_scheduler.service.EventWorkerService : Saved 1 event(s) for [MADHAV]
2026-04-16 14:44:48.833  INFO [ctx-nse-events] com.nseevents.nse_events_scheduler.service.EventWorkerService : Saved 1 event(s) for [MAHSCOOTER]
2026-04-16 14:44:48.835  INFO [ctx-nse-events] com.nseevents.nse_events_scheduler.service.EventWorkerService : Saved 1 event(s) for [TATATECH]
2026-04-16 14:44:48.838  INFO [ctx-nse-events] com.nseevents.nse_events_scheduler.service.EventWorkerService : Saved 1 event(s) for [IDFCFIRSTB]
2026-04-16 14:44:48.840  INFO [ctx-nse-events] com.nseevents.nse_events_scheduler.service.EventWorkerService : Saved 1 event(s) for [GRSE]
2026-04-16 14:44:48.842  INFO [ctx-nse-events] com.nseevents.nse_events_scheduler.service.EventWorkerService : Saved 1 event(s) for [MAHEPC]
2026-04-16 14:44:48.843  INFO [ctx-nse-events] com.nseevents.nse_events_scheduler.service.EventWorkerService : Saved 1 event(s) for [ACC]
2026-04-16 14:44:48.844  INFO [ctx-nse-events] com.nseevents.nse_events_scheduler.service.EventWorkerService : Saved 1 event(s) for [SAIPARENT]
2026-04-16 14:44:48.847  INFO [ctx-nse-events] com.nseevents.nse_events_scheduler.service.EventWorkerService : Saved 1 event(s) for [STLNETWORK]
2026-04-16 14:44:48.850  INFO [ctx-nse-events] com.nseevents.nse_events_scheduler.service.EventWorkerService : Saved 1 event(s) for [BLUESTARCO]
2026-04-16 14:44:48.852  INFO [ctx-nse-events] com.nseevents.nse_events_scheduler.service.EventWorkerService : Saved 1 event(s) for [MAHLOG]
2026-04-16 14:44:48.853  INFO [ctx-nse-events] com.nseevents.nse_events_scheduler.service.EventWorkerService : Saved 1 event(s) for [INSECTICID]
2026-04-16 14:44:48.855  INFO [ctx-nse-events] com.nseevents.nse_events_scheduler.service.EventWorkerService : Saved 1 event(s) for [PIDILITIND]
2026-04-16 14:44:48.857  INFO [ctx-nse-events] com.nseevents.nse_events_scheduler.service.EventWorkerService : Saved 1 event(s) for [SPANDANA]
2026-04-16 14:44:48.860  INFO [ctx-nse-events] com.nseevents.nse_events_scheduler.service.EventWorkerService : Saved 1 event(s) for [PSPPROJECT]
2026-04-16 14:44:48.862  INFO [ctx-nse-events] com.nseevents.nse_events_scheduler.service.EventWorkerService : Saved 1 event(s) for [MAHLIFE]
2026-04-16 14:44:48.865  INFO [ctx-nse-events] com.nseevents.nse_events_scheduler.service.EventWorkerService : Saved 1 event(s) for [LALPATHLAB]
2026-04-16 14:44:48.867  INFO [ctx-nse-events] com.nseevents.nse_events_scheduler.service.EventWorkerService : Saved 1 event(s) for [MOLDTKPAC]
2026-04-16 14:44:48.868  INFO [ctx-nse-events] com.nseevents.nse_events_scheduler.service.EventWorkerService : Saved 1 event(s) for [GANGOTRI]
2026-04-16 14:44:48.870  INFO [ctx-nse-events] com.nseevents.nse_events_scheduler.service.EventWorkerService : Saved 1 event(s) for [NESCO]
2026-04-16 14:44:48.871  INFO [ctx-nse-events] com.nseevents.nse_events_scheduler.service.EventWorkerService : Saved 1 event(s) for [DHANBANK]
2026-04-16 14:44:48.874  INFO [ctx-nse-events] com.nseevents.nse_events_scheduler.service.EventWorkerService : Saved 1 event(s) for [MINDTECK]
2026-04-16 14:44:48.875  INFO [ctx-nse-events] com.nseevents.nse_events_scheduler.service.EventWorkerService : Saved 1 event(s) for [JIOFIN]
2026-04-16 14:44:48.877  INFO [ctx-nse-events] com.nseevents.nse_events_scheduler.service.EventWorkerService : Saved 1 event(s) for [SANGAMIND]
2026-04-16 14:44:48.880  INFO [ctx-nse-events] com.nseevents.nse_events_scheduler.service.EventWorkerService : Saved 1 event(s) for [LATENTVIEW]
2026-04-16 14:44:48.882  INFO [ctx-nse-events] com.nseevents.nse_events_scheduler.service.EventWorkerService : Saved 1 event(s) for [MARUTI]
2026-04-16 14:44:48.884  INFO [ctx-nse-events] com.nseevents.nse_events_scheduler.service.EventWorkerService : Saved 1 event(s) for [PATANJALI]
2026-04-16 14:44:48.886  INFO [ctx-nse-events] com.nseevents.nse_events_scheduler.service.EventWorkerService : Saved 1 event(s) for [HEXT]
2026-04-16 14:44:48.889  INFO [ctx-nse-events] com.nseevents.nse_events_scheduler.service.EventWorkerService : Saved 2 event(s) for [NESTLEIND]
2026-04-16 14:44:48.891  INFO [ctx-nse-events] com.nseevents.nse_events_scheduler.service.EventWorkerService : Saved 1 event(s) for [ESABINDIA]
2026-04-16 14:44:48.893  INFO [ctx-nse-events] com.nseevents.nse_events_scheduler.service.EventWorkerService : Saved 1 event(s) for [BAJAJHLDNG]
2026-04-16 14:44:48.895  INFO [ctx-nse-events] com.nseevents.nse_events_scheduler.service.EventWorkerService : Saved 1 event(s) for [ADANIPORTS]
2026-04-16 14:44:48.900  INFO [ctx-nse-events] com.nseevents.nse_events_scheduler.service.EventWorkerService : Saved 1 event(s) for [INFY]
2026-04-16 14:44:48.902  INFO [ctx-nse-events] com.nseevents.nse_events_scheduler.service.EventWorkerService : Saved 1 event(s) for [CAMS]
2026-04-16 14:44:48.904  INFO [ctx-nse-events] com.nseevents.nse_events_scheduler.service.EventWorkerService : Saved 1 event(s) for [NDTV]
2026-04-16 14:44:48.908  INFO [ctx-nse-news] com.companynews.newsscheduler.service.NseFetcher : NSE JSON parsed successfully — 20 announcements retrieved
2026-04-16 14:44:48.908  INFO [ctx-nse-events] com.nseevents.nse_events_scheduler.service.EventWorkerService : Saved 1 event(s) for [BAJAJFINSV]
2026-04-16 14:44:48.910  INFO [ctx-nse-news] com.companynews.newsscheduler.scheduler.NseScheduler : 20 new out of 20 total announcements — seqId window size now: 20
2026-04-16 14:44:48.912  INFO [ctx-nse-events] com.nseevents.nse_events_scheduler.service.EventWorkerService : Saved 1 event(s) for [CIEINDIA]
2026-04-16 14:44:48.915  INFO [ctx-nse-events] com.nseevents.nse_events_scheduler.service.EventWorkerService : Saved 1 event(s) for [WAAREEINDO]
2026-04-16 14:44:48.918  INFO [ctx-nse-events] com.nseevents.nse_events_scheduler.service.EventWorkerService : Saved 1 event(s) for [KFINTECH]
2026-04-16 14:44:48.920  INFO [ctx-nse-events] com.nseevents.nse_events_scheduler.service.EventWorkerService : Saved 1 event(s) for [ADANIENSOL]
2026-04-16 14:44:48.922  INFO [ctx-nse-events] com.nseevents.nse_events_scheduler.service.EventWorkerService : Saved 1 event(s) for [BOSCH-HCIL]
2026-04-16 14:44:48.924  INFO [ctx-nse-events] com.nseevents.nse_events_scheduler.service.EventWorkerService : Saved 1 event(s) for [RAJRATAN]
2026-04-16 14:44:48.926  INFO [ctx-nse-events] com.nseevents.nse_events_scheduler.service.EventWorkerService : Saved 1 event(s) for [CSBBANK]
2026-04-16 14:44:48.928  INFO [ctx-nse-events] com.nseevents.nse_events_scheduler.service.EventWorkerService : Saved 1 event(s) for [GROWW]
2026-04-16 14:44:48.932  INFO [ctx-nse-events] com.nseevents.nse_events_scheduler.service.EventWorkerService : Saved 1 event(s) for [HINDCOMPOS]
2026-04-16 14:44:48.934  INFO [ctx-nse-events] com.nseevents.nse_events_scheduler.service.EventWorkerService : Saved 1 event(s) for [POWERICA]
2026-04-16 14:44:48.937  INFO [ctx-nse-events] com.nseevents.nse_events_scheduler.service.EventWorkerService : Saved 1 event(s) for [GICHSGFIN]
2026-04-16 14:44:48.940  INFO [ctx-nse-events] com.nseevents.nse_events_scheduler.service.EventWorkerService : Saved 1 event(s) for [FOSECOIND]
2026-04-16 14:44:48.942  INFO [ctx-nse-events] com.nseevents.nse_events_scheduler.service.EventWorkerService : Saved 1 event(s) for [TECHM]
2026-04-16 14:44:48.944  INFO [ctx-nse-news] com.companynews.newsscheduler.service.NewsWorker : Saved 1 new item(s) for keyword: INSECTICID
2026-04-16 14:44:48.945  INFO [ctx-nse-events] com.nseevents.nse_events_scheduler.service.EventWorkerService : Saved 1 event(s) for [MPHASIS]
2026-04-16 14:44:48.947  INFO [ctx-nse-events] com.nseevents.nse_events_scheduler.service.EventWorkerService : Saved 1 event(s) for [SBILIFE]
2026-04-16 14:44:48.949  INFO [ctx-nse-events] com.nseevents.nse_events_scheduler.service.EventWorkerService : Saved 1 event(s) for [SHREDIGCEM]
2026-04-16 14:44:48.952  INFO [ctx-nse-events] com.nseevents.nse_events_scheduler.service.EventWorkerService : Saved 1 event(s) for [ALLCARGO]
2026-04-16 14:44:48.954  INFO [ctx-nse-events] com.nseevents.nse_events_scheduler.service.EventWorkerService : Saved 1 event(s) for [SMLMAH]
2026-04-16 14:44:48.957  INFO [ctx-nse-events] com.nseevents.nse_events_scheduler.service.EventWorkerService : Saved 1 event(s) for [TATACOMM]
2026-04-16 14:44:48.959  INFO [ctx-nse-events] com.nseevents.nse_events_scheduler.service.EventWorkerService : Saved 1 event(s) for [SESHAPAPER]
2026-04-16 14:44:48.961  INFO [ctx-nse-events] com.nseevents.nse_events_scheduler.service.EventWorkerService : Saved 1 event(s) for [CEMPRO]
2026-04-16 14:44:48.963  INFO [ctx-nse-events] com.nseevents.nse_events_scheduler.service.EventWorkerService : Saved 1 event(s) for [DLINKINDIA]
2026-04-16 14:44:48.966  INFO [ctx-nse-events] com.nseevents.nse_events_scheduler.service.EventWorkerService : Saved 1 event(s) for [NELCO]
2026-04-16 14:44:48.968  INFO [ctx-nse-events] com.nseevents.nse_events_scheduler.service.EventWorkerService : Saved 1 event(s) for [BASF]
2026-04-16 14:44:48.969  INFO [ctx-nse-news] com.companynews.newsscheduler.scheduler.NseScheduler : NSE fetch complete — 19 unique companies processed
2026-04-16 14:44:48.969  INFO [ctx-nse-news] com.unified.UnifiedSchedulerApplication : Context ready: nse-news
2026-04-16 14:44:48.969  INFO [ctx-nse-events] com.nseevents.nse_events_scheduler.service.EventWorkerService : Saved 1 event(s) for [CHENNPETRO]
2026-04-16 14:44:48.971  INFO [ctx-nse-events] com.nseevents.nse_events_scheduler.service.EventWorkerService : Saved 1 event(s) for [TVTODAY]
2026-04-16 14:44:48.973  INFO [ctx-nse-events] com.nseevents.nse_events_scheduler.service.EventWorkerService : Saved 1 event(s) for [ORIENTCEM]
2026-04-16 14:44:48.975  INFO [ctx-nse-events] com.nseevents.nse_events_scheduler.service.EventWorkerService : Saved 1 event(s) for [JSWSTEEL]
2026-04-16 14:44:48.977  INFO [ctx-nse-events] com.nseevents.nse_events_scheduler.service.EventWorkerService : Saved 1 event(s) for [SANGINITA]
2026-04-16 14:44:48.979  INFO [ctx-nse-events] com.nseevents.nse_events_scheduler.service.EventWorkerService : Saved 1 event(s) for [TATAINVEST]
2026-04-16 14:44:48.981  INFO [ctx-nse-events] com.nseevents.nse_events_scheduler.service.EventWorkerService : Saved 1 event(s) for [APTUS]
2026-04-16 14:44:48.983  INFO [ctx-nse-events] com.nseevents.nse_events_scheduler.service.EventWorkerService : Saved 1 event(s) for [ULTRACEMCO]
2026-04-16 14:44:48.985  INFO [ctx-nse-events] com.nseevents.nse_events_scheduler.service.EventWorkerService : Saved 1 event(s) for [JTEKTINDIA]
2026-04-16 14:44:48.987  INFO [ctx-nse-events] com.nseevents.nse_events_scheduler.service.EventWorkerService : Saved 1 event(s) for [HAVELLS]
2026-04-16 14:44:48.991  INFO [ctx-nse-events] com.nseevents.nse_events_scheduler.service.EventWorkerService : Saved 1 event(s) for [INDBANK]
2026-04-16 14:44:48.993  INFO [ctx-nse-events] com.nseevents.nse_events_scheduler.service.EventWorkerService : Saved 1 event(s) for [SUNTECK]
2026-04-16 14:44:48.994  INFO [ctx-nse-events] com.nseevents.nse_events_scheduler.service.EventWorkerService : Saved 1 event(s) for [TMB]
2026-04-16 14:44:48.997  INFO [ctx-nse-events] com.nseevents.nse_events_scheduler.service.EventWorkerService : Saved 1 event(s) for [HEG]
2026-04-16 14:44:48.999  INFO [ctx-nse-events] com.nseevents.nse_events_scheduler.service.EventWorkerService : Saved 1 event(s) for [TATACAP]
2026-04-16 14:44:49.001  INFO [ctx-nse-events] com.nseevents.nse_events_scheduler.service.EventWorkerService : Saved 2 event(s) for [360ONE]
2026-04-16 14:44:49.004  INFO [ctx-nse-events] com.nseevents.nse_events_scheduler.service.EventWorkerService : Saved 1 event(s) for [HATHWAY]
2026-04-16 14:44:49.006  INFO [ctx-nse-events] com.nseevents.nse_events_scheduler.service.EventWorkerService : Saved 1 event(s) for [ANANTRAJ]
2026-04-16 14:44:49.008  INFO [ctx-nse-events] com.nseevents.nse_events_scheduler.service.EventWorkerService : Saved 1 event(s) for [MAHABANK]
2026-04-16 14:44:49.009  INFO [ctx-nse-events] com.nseevents.nse_events_scheduler.service.EventWorkerService : Saved 1 event(s) for [KOTHARIPRO]
2026-04-16 14:44:49.011  INFO [ctx-nse-events] com.nseevents.nse_events_scheduler.service.EventWorkerService : Saved 1 event(s) for [ORIENTPPR]
2026-04-16 14:44:49.013  INFO [ctx-nse-events] com.nseevents.nse_events_scheduler.service.EventWorkerService : Saved 1 event(s) for [RALLIS]
2026-04-16 14:44:49.015  INFO [ctx-nse-events] com.nseevents.nse_events_scheduler.service.EventWorkerService : Saved 1 event(s) for [SHRIRAMFIN]
2026-04-16 14:44:49.016  INFO [ctx-nse-events] com.nseevents.nse_events_scheduler.service.EventWorkerService : Saved 1 event(s) for [GODREJAGRO]
2026-04-16 14:44:49.017  INFO [ctx-nse-events] com.nseevents.nse_events_scheduler.service.EventWorkerService : Saved 1 event(s) for [LAURUSLABS]
2026-04-16 14:44:49.019  INFO [ctx-nse-events] com.nseevents.nse_events_scheduler.service.EventWorkerService : Saved 1 event(s) for [HINDUNILVR]
2026-04-16 14:44:49.021  INFO [ctx-nse-events] com.nseevents.nse_events_scheduler.service.EventWorkerService : Saved 2 event(s) for [PNBHOUSING]
2026-04-16 14:44:49.023  INFO [ctx-nse-events] com.nseevents.nse_events_scheduler.service.EventWorkerService : Saved 1 event(s) for [CHOLAHLDNG]
2026-04-16 14:44:49.024  INFO [ctx-nse-events] com.nseevents.nse_events_scheduler.service.EventWorkerService : Saved 1 event(s) for [PNBGILTS]
2026-04-16 14:44:49.026  INFO [ctx-nse-events] com.nseevents.nse_events_scheduler.service.EventWorkerService : Saved 1 event(s) for [PGHH]
2026-04-16 14:44:49.027  INFO [ctx-nse-events] com.nseevents.nse_events_scheduler.service.EventWorkerService : Saved 1 event(s) for [MUTHOOTCAP]
2026-04-16 14:44:49.029  INFO [ctx-nse-events] com.nseevents.nse_events_scheduler.service.EventWorkerService : Saved 1 event(s) for [BIKAJI]
2026-04-16 14:44:49.031  INFO [ctx-nse-events] com.nseevents.nse_events_scheduler.service.EventWorkerService : Saved 3 event(s) for [BLUEBLENDS]
2026-04-16 14:44:49.033  INFO [ctx-nse-events] com.nseevents.nse_events_scheduler.service.EventWorkerService : Saved 1 event(s) for [PGHL]
2026-04-16 14:44:49.035  INFO [ctx-nse-events] com.nseevents.nse_events_scheduler.service.EventWorkerService : Saved 1 event(s) for [DABUR]
2026-04-16 14:44:49.036  INFO [ctx-nse-events] com.nseevents.nse_events_scheduler.service.EventWorkerService : Saved 2 event(s) for [CRAMC]
2026-04-16 14:44:49.038  INFO [ctx-nse-events] com.nseevents.nse_events_scheduler.service.EventWorkerService : Saved 1 event(s) for [RANEHOLDIN]
2026-04-16 14:44:49.040  INFO [ctx-nse-events] com.nseevents.nse_events_scheduler.service.EventWorkerService : Saved 1 event(s) for [MHRIL]
2026-04-16 14:44:49.041  INFO [ctx-nse-events] com.nseevents.nse_events_scheduler.service.EventWorkerService : Saved 1 event(s) for [VINYLINDIA]
2026-04-16 14:44:49.043  INFO [ctx-nse-events] com.nseevents.nse_events_scheduler.service.EventWorkerService : Saved 1 event(s) for [MUKANDLTD]
2026-04-16 14:44:49.044  INFO [ctx-nse-events] com.nseevents.nse_events_scheduler.service.EventWorkerService : Saved 1 event(s) for [GHCL]
2026-04-16 14:44:49.045  INFO [ctx-nse-events] com.nseevents.nse_events_scheduler.service.EventWorkerService : Saved 1 event(s) for [MUTHOOTMF]
2026-04-16 14:44:49.046  INFO [ctx-nse-events] com.nseevents.nse_events_scheduler.service.EventWorkerService : Saved 1 event(s) for [NOCIL]
2026-04-16 14:44:49.048  INFO [ctx-nse-events] com.nseevents.nse_events_scheduler.service.EventWorkerService : Saved 1 event(s) for [BIRLAMONEY]
2026-04-16 14:44:49.049  INFO [ctx-nse-events] com.nseevents.nse_events_scheduler.service.EventWorkerService : Saved 1 event(s) for [WENDT]
2026-04-16 14:44:49.050  INFO [ctx-nse-code] com.companycode.nse.service.NseSyncService : Company sync complete — inserted 0 new companies (total in DB: 2258)
2026-04-16 14:44:49.052  INFO [ctx-nse-events] com.nseevents.nse_events_scheduler.service.EventWorkerService : Saved 1 event(s) for [NDRINVIT]
2026-04-16 14:44:49.055  INFO [ctx-nse-events] com.nseevents.nse_events_scheduler.service.EventWorkerService : Saved 1 event(s) for [HINDALCO]
2026-04-16 14:44:49.058  INFO [ctx-nse-events] com.nseevents.nse_events_scheduler.service.EventWorkerService : Saved 1 event(s) for [POONAWALLA]
2026-04-16 14:44:49.062  INFO [ctx-nse-events] com.nseevents.nse_events_scheduler.service.EventWorkerService : Saved 1 event(s) for [CASTROLIND]
2026-04-16 14:44:49.065  INFO [ctx-nse-code] com.companycode.nse.service.NseSectorSyncService : Starting sector sync from NSE API...
2026-04-16 14:44:49.066  INFO [ctx-nse-events] com.nseevents.nse_events_scheduler.service.EventWorkerService : Saved 2 event(s) for [ICICIBANK]
2026-04-16 14:44:49.068  INFO [ctx-nse-events] com.nseevents.nse_events_scheduler.service.EventWorkerService : Saved 3 event(s) for [DRREDDY]
2026-04-16 14:44:49.069  INFO [ctx-nse-events] com.nseevents.nse_events_scheduler.service.EventWorkerService : Saved 1 event(s) for [UGROCAP]
2026-04-16 14:44:49.072  INFO [ctx-nse-events] com.nseevents.nse_events_scheduler.service.EventWorkerService : Saved 1 event(s) for [BAJAJHFL]
2026-04-16 14:44:49.073  INFO [ctx-nse-events] com.nseevents.nse_events_scheduler.service.EventWorkerService : Saved 1 event(s) for [ACCELYA]
2026-04-16 14:44:49.075  INFO [ctx-nse-events] com.nseevents.nse_events_scheduler.service.EventWorkerService : Saved 1 event(s) for [SYNGENE]
2026-04-16 14:44:49.076  INFO [ctx-nse-events] com.nseevents.nse_events_scheduler.service.EventWorkerService : Saved 1 event(s) for [GRANULES]
2026-04-16 14:44:49.077  INFO [ctx-nse-events] com.nseevents.nse_events_scheduler.service.EventWorkerService : Saved 1 event(s) for [WINDLAS]
2026-04-16 14:44:49.078  INFO [ctx-nse-events] com.nseevents.nse_events_scheduler.service.EventWorkerService : Saved 1 event(s) for [TTKPRESTIG]
2026-04-16 14:44:49.080  INFO [ctx-nse-events] com.nseevents.nse_events_scheduler.service.EventWorkerService : Saved 1 event(s) for [COFORGE]
2026-04-16 14:44:49.082  INFO [ctx-nse-events] com.nseevents.nse_events_scheduler.service.EventWorkerService : Saved 1 event(s) for [COALINDIA]
2026-04-16 14:44:49.084  INFO [ctx-nse-events] com.nseevents.nse_events_scheduler.service.EventWorkerService : Saved 1 event(s) for [GILLETTE]
2026-04-16 14:44:49.085  INFO [ctx-nse-events] com.nseevents.nse_events_scheduler.service.EventWorkerService : Saved 1 event(s) for [E2E]
2026-04-16 14:44:49.088  INFO [ctx-nse-events] com.nseevents.nse_events_scheduler.service.EventWorkerService : Saved 1 event(s) for [UBL]
2026-04-16 14:44:49.089  INFO [ctx-nse-events] com.nseevents.nse_events_scheduler.service.EventWorkerService : Saved 1 event(s) for [SPLPETRO]
2026-04-16 14:44:49.091  INFO [ctx-nse-events] com.nseevents.nse_events_scheduler.service.EventWorkerService : Saved 2 event(s) for [AXITA]
2026-04-16 14:44:49.093  INFO [ctx-nse-events] com.nseevents.nse_events_scheduler.service.EventWorkerService : Saved 1 event(s) for [CYIENTDLM]
2026-04-16 14:44:49.095  INFO [ctx-nse-events] com.nseevents.nse_events_scheduler.service.EventWorkerService : Saved 1 event(s) for [NAVKARCORP]
2026-04-16 14:44:49.096  INFO [ctx-nse-events] com.nseevents.nse_events_scheduler.service.EventWorkerService : Saved 1 event(s) for [GODREJCP]
2026-04-16 14:44:49.098  INFO [ctx-nse-events] com.nseevents.nse_events_scheduler.service.EventWorkerService : Saved 1 event(s) for [SBFC]
2026-04-16 14:44:49.100  INFO [ctx-nse-events] com.nseevents.nse_events_scheduler.service.EventWorkerService : Saved 1 event(s) for [MOLDTECH]
2026-04-16 14:44:49.101  INFO [ctx-nse-events] com.nseevents.nse_events_scheduler.service.EventWorkerService : Saved 1 event(s) for [RML]
2026-04-16 14:44:49.102  INFO [ctx-nse-events] com.nseevents.nse_events_scheduler.service.EventWorkerService : Saved 1 event(s) for [BERGEPAINT]
2026-04-16 14:44:49.104  INFO [ctx-nse-events] com.nseevents.nse_events_scheduler.service.EventWorkerService : Saved 1 event(s) for [AVANTEL]
2026-04-16 14:44:49.106  INFO [ctx-nse-events] com.nseevents.nse_events_scheduler.service.EventWorkerService : Saved 1 event(s) for [MASTEK]
2026-04-16 14:44:49.108  INFO [ctx-nse-events] com.nseevents.nse_events_scheduler.service.EventWorkerService : Saved 1 event(s) for [KSOLVES]
2026-04-16 14:44:49.109  INFO [ctx-nse-events] com.nseevents.nse_events_scheduler.service.EventWorkerService : Saved 1 event(s) for [ADANIPOWER]
2026-04-16 14:44:49.111  INFO [ctx-nse-events] com.nseevents.nse_events_scheduler.service.EventWorkerService : Saved 1 event(s) for [SHREECEM]
2026-04-16 14:44:49.113  INFO [ctx-nse-events] com.nseevents.nse_events_scheduler.service.EventWorkerService : Saved 1 event(s) for [MFSL]
2026-04-16 14:44:49.115  INFO [ctx-nse-events] com.nseevents.nse_events_scheduler.service.EventWorkerService : Saved 1 event(s) for [EQUITASBNK]
2026-04-16 14:44:49.116  INFO [ctx-nse-events] com.nseevents.nse_events_scheduler.service.EventWorkerService : Saved 2 event(s) for [LGBBROSLTD]
2026-04-16 14:44:49.117  INFO [ctx-nse-events] com.nseevents.nse_events_scheduler.service.EventWorkerService : Saved 1 event(s) for [ARE&M]
2026-04-16 14:44:49.119  INFO [ctx-nse-events] com.nseevents.nse_events_scheduler.service.EventWorkerService : Saved 1 event(s) for [SCHAEFFLER]
2026-04-16 14:44:49.120  INFO [ctx-nse-events] com.nseevents.nse_events_scheduler.service.EventWorkerService : Saved 1 event(s) for [MEDPLUS]
2026-04-16 14:44:49.121  INFO [ctx-nse-events] com.nseevents.nse_events_scheduler.service.EventWorkerService : Saved 1 event(s) for [GHCLTEXTIL]
2026-04-16 14:44:49.123  INFO [ctx-nse-events] com.nseevents.nse_events_scheduler.service.EventWorkerService : Saved 1 event(s) for [CAPITALSFB]
2026-04-16 14:44:49.125  INFO [ctx-nse-events] com.nseevents.nse_events_scheduler.service.EventWorkerService : Saved 1 event(s) for [CUMMINSIND]
2026-04-16 14:44:49.126  INFO [ctx-nse-events] com.nseevents.nse_events_scheduler.service.EventWorkerService : Saved 1 event(s) for [GODIGIT]
2026-04-16 14:44:49.127  INFO [ctx-nse-events] com.nseevents.nse_events_scheduler.service.EventWorkerService : Saved 1 event(s) for [HCLTECH]
2026-04-16 14:44:49.131  INFO [ctx-nse-events] com.nseevents.nse_events_scheduler.service.EventWorkerService : Saved 1 event(s) for [CENTRUM]
2026-04-16 14:44:49.132  INFO [ctx-nse-events] com.nseevents.nse_events_scheduler.service.EventWorkerService : Saved 1 event(s) for [RAIN]
2026-04-16 14:44:49.135  INFO [ctx-nse-events] com.nseevents.nse_events_scheduler.service.EventWorkerService : Saved 1 event(s) for [NAM-INDIA]
2026-04-16 14:44:49.136  INFO [ctx-nse-events] com.nseevents.nse_events_scheduler.service.EventWorkerService : Saved 1 event(s) for [NETWORK18]
2026-04-16 14:44:49.138  INFO [ctx-nse-events] com.nseevents.nse_events_scheduler.service.EventWorkerService : Saved 1 event(s) for [LTF]
2026-04-16 14:44:49.140  INFO [ctx-nse-events] com.nseevents.nse_events_scheduler.service.EventWorkerService : Saved 1 event(s) for [RADICO]
2026-04-16 14:44:49.141  INFO [ctx-nse-events] com.nseevents.nse_events_scheduler.service.EventWorkerService : Saved 1 event(s) for [TIMKEN]
2026-04-16 14:44:49.142  INFO [ctx-nse-events] com.nseevents.nse_events_scheduler.service.EventWorkerService : Saved 1 event(s) for [LTM]
2026-04-16 14:44:49.143  INFO [ctx-nse-events] com.nseevents.nse_events_scheduler.service.EventWorkerService : Saved 1 event(s) for [BHARATCOAL]
2026-04-16 14:44:49.144  INFO [ctx-nse-events] com.nseevents.nse_events_scheduler.service.EventWorkerService : Saved 1 event(s) for [AMBUJACEM]
2026-04-16 14:44:49.145  INFO [ctx-nse-events] com.nseevents.nse_events_scheduler.service.EventWorkerService : Saved 1 event(s) for [CHOLAFIN]
2026-04-16 14:44:49.147  INFO [ctx-nse-events] com.nseevents.nse_events_scheduler.service.EventWorkerService : Saved 2 event(s) for [HDFCBANK]
2026-04-16 14:44:49.148  INFO [ctx-nse-events] com.nseevents.nse_events_scheduler.service.EventWorkerService : Saved 1 event(s) for [TARIL]
2026-04-16 14:44:49.150  INFO [ctx-nse-events] com.nseevents.nse_events_scheduler.service.EventWorkerService : Saved 1 event(s) for [STARHEALTH]
2026-04-16 14:44:49.151  INFO [ctx-nse-events] com.nseevents.nse_events_scheduler.service.EventWorkerService : Saved 1 event(s) for [KSB]
2026-04-16 14:44:49.152  INFO [ctx-nse-events] com.nseevents.nse_events_scheduler.service.EventWorkerService : Saved 1 event(s) for [SATIN]
2026-04-16 14:44:49.154  INFO [ctx-nse-events] com.nseevents.nse_events_scheduler.service.EventWorkerService : Saved 1 event(s) for [BOSCHLTD]
2026-04-16 14:44:49.155  INFO [ctx-nse-events] com.nseevents.nse_events_scheduler.service.EventWorkerService : Saved 1 event(s) for [PERSISTENT]
2026-04-16 14:44:49.156  INFO [ctx-nse-events] com.nseevents.nse_events_scheduler.service.EventWorkerService : Saved 1 event(s) for [MGEL]
2026-04-16 14:44:49.159  INFO [ctx-nse-events] com.nseevents.nse_events_scheduler.service.EventWorkerService : Saved 1 event(s) for [INFOMEDIA]
2026-04-16 14:44:49.161  INFO [ctx-nse-events] com.nseevents.nse_events_scheduler.service.EventWorkerService : Saved 1 event(s) for [GLOBUSSPR]
2026-04-16 14:44:49.163  INFO [ctx-nse-events] com.nseevents.nse_events_scheduler.service.EventWorkerService : Saved 1 event(s) for [FEDERALBNK]
2026-04-16 14:44:49.164  INFO [ctx-nse-events] com.nseevents.nse_events_scheduler.service.EventWorkerService : Saved 1 event(s) for [SERVOTECH]
2026-04-16 14:44:49.166  INFO [ctx-nse-events] com.nseevents.nse_events_scheduler.service.EventWorkerService : Saved 1 event(s) for [BAJAJCON]
2026-04-16 14:44:49.167  INFO [ctx-nse-events] com.nseevents.nse_events_scheduler.service.EventWorkerService : Saved 1 event(s) for [ESCORTS]
2026-04-16 14:44:49.169  INFO [ctx-nse-events] com.nseevents.nse_events_scheduler.service.EventWorkerService : Saved 1 event(s) for [M&M]
2026-04-16 14:44:49.171  INFO [ctx-nse-events] com.nseevents.nse_events_scheduler.service.EventWorkerService : Saved 1 event(s) for [BANDHANBNK]
2026-04-16 14:44:49.172  INFO [ctx-nse-events] com.nseevents.nse_events_scheduler.service.EventWorkerService : Saved 1 event(s) for [YESBANK]
2026-04-16 14:44:49.174  INFO [ctx-nse-events] com.nseevents.nse_events_scheduler.service.EventWorkerService : Saved 1 event(s) for [CMPDI]
2026-04-16 14:44:49.174  INFO [ctx-nse-events] com.nseevents.nse_events_scheduler.scheduler.NseEventsScheduler : NSE Events sync complete — 205 companies updated
2026-04-16 14:44:49.174  INFO [ctx-nse-events] com.unified.UnifiedSchedulerApplication : Context ready: nse-events
2026-04-16 14:44:49.345  INFO [ctx-nse-code] com.companycode.nse.service.NseSectorSyncService : Found 19 sectoral indices to sync
2026-04-16 14:44:51.728  INFO [ctx-nse-code] com.companycode.nse.service.NseSectorSyncService : Sector sync complete — synced 19 sectors
2026-04-16 14:44:51.730  INFO [ctx-nse-code] com.companycode.nse.scheduler.NseScheduler : Startup sync complete
2026-04-16 14:44:51.730  INFO [ctx-nse-code] com.unified.UnifiedSchedulerApplication : Context ready: nse-code
2026-04-16 14:44:53.773  INFO [startup-thread-1] com.companynews.newsscheduler.scheduler.GoogleRssScheduler : Google RSS fetch started — loading keywords
2026-04-16 14:44:53.780  INFO [startup-thread-1] com.companynews.newsscheduler.service.KeywordLoader : Loaded 50 symbols from global_watchlist
2026-04-16 14:44:53.782  INFO [startup-thread-1] com.companynews.newsscheduler.service.KeywordLoader : Loaded 19 sectors from sector_companies
2026-04-16 14:44:53.783  INFO [startup-thread-1] com.companynews.newsscheduler.service.KeywordLoader : Loaded 48 keywords from keywords.txt
2026-04-16 14:44:53.783  INFO [startup-thread-1] com.companynews.newsscheduler.service.KeywordLoader : Total unique keywords to fetch: 114
2026-04-16 14:44:53.783  INFO [startup-thread-1] com.companynews.newsscheduler.scheduler.GoogleRssScheduler : Submitting 114 keywords to executor pool
2026-04-16 14:44:54.257  INFO [rss-worker-1] com.companynews.newsscheduler.service.RssFetcher : Google RSS parsed 5 items for keyword: TATACONSUM
2026-04-16 14:44:54.723  INFO [rss-worker-2] com.companynews.newsscheduler.service.RssFetcher : Google RSS parsed 5 items for keyword: BHARTIARTL
2026-04-16 14:44:55.122  INFO [rss-worker-1] com.companynews.newsscheduler.service.RssFetcher : Google RSS parsed 5 items for keyword: TATASTEEL
2026-04-16 14:44:55.134  INFO [rss-worker-1] com.companynews.newsscheduler.service.NewsWorker : Saved 1 new item(s) for keyword: TATASTEEL
2026-04-16 14:44:55.609  INFO [rss-worker-2] com.companynews.newsscheduler.service.RssFetcher : Google RSS parsed 5 items for keyword: SHRIRAMFIN
2026-04-16 14:44:56.116  INFO [rss-worker-1] com.companynews.newsscheduler.service.RssFetcher : Google RSS parsed 5 items for keyword: EICHERMOT
2026-04-16 14:44:56.777  INFO [rss-worker-2] com.companynews.newsscheduler.service.RssFetcher : Google RSS parsed 5 items for keyword: HINDUNILVR
2026-04-16 14:44:57.286  INFO [rss-worker-1] com.companynews.newsscheduler.service.RssFetcher : Google RSS parsed 5 items for keyword: LT
2026-04-16 14:44:57.289  INFO [rss-worker-1] com.companynews.newsscheduler.service.NewsWorker : Saved 1 new item(s) for keyword: LT
2026-04-16 14:44:57.861  INFO [rss-worker-2] com.companynews.newsscheduler.service.RssFetcher : Google RSS parsed 5 items for keyword: ETERNAL
2026-04-16 14:44:58.249  INFO [rss-worker-1] com.companynews.newsscheduler.service.RssFetcher : Google RSS parsed 5 items for keyword: GRASIM
2026-04-16 14:44:58.766  INFO [rss-worker-2] com.companynews.newsscheduler.service.RssFetcher : Google RSS parsed 5 items for keyword: JIOFIN
2026-04-16 14:44:59.209  INFO [rss-worker-1] com.companynews.newsscheduler.service.RssFetcher : Google RSS parsed 5 items for keyword: MAXHEALTH
2026-04-16 14:44:59.214  INFO [rss-worker-1] com.companynews.newsscheduler.service.NewsWorker : Saved 1 new item(s) for keyword: MAXHEALTH
2026-04-16 14:44:59.693  INFO [rss-worker-2] com.companynews.newsscheduler.service.RssFetcher : Google RSS parsed 5 items for keyword: SBIN
2026-04-16 14:45:00.014  INFO [nse-scheduler-thread-1] com.companynews.newsscheduler.scheduler.NseScheduler : NSE fetch triggered — current seqId window size: 20
2026-04-16 14:45:00.014  INFO [scheduling-1] com.watchlist.global.service.GlobalWatchlistService : Refreshing prices for 50 companies...
2026-04-16 14:45:00.085  INFO [nse-scheduler-thread-1] com.companynews.newsscheduler.service.NseFetcher : NSE JSON parsed successfully — 20 announcements retrieved
2026-04-16 14:45:00.085  INFO [nse-scheduler-thread-1] com.companynews.newsscheduler.scheduler.NseScheduler : 0 new out of 20 total announcements — seqId window size now: 20
2026-04-16 14:45:00.085  INFO [nse-scheduler-thread-1] com.companynews.newsscheduler.scheduler.NseScheduler : All announcements already seen — nothing to save this cycle
2026-04-16 14:45:00.498  INFO [rss-worker-1] com.companynews.newsscheduler.service.RssFetcher : Google RSS parsed 5 items for keyword: MARUTI
2026-04-16 14:45:01.019  INFO [rss-worker-2] com.companynews.newsscheduler.service.RssFetcher : Google RSS parsed 5 items for keyword: WIPRO
2026-04-16 14:45:01.226  INFO [rss-worker-1] com.companynews.newsscheduler.service.RssFetcher : Google RSS parsed 5 items for keyword: TMPV
2026-04-16 14:45:01.753  INFO [rss-worker-2] com.companynews.newsscheduler.service.RssFetcher : Google RSS parsed 5 items for keyword: NESTLEIND
2026-04-16 14:45:02.463  INFO [rss-worker-1] com.companynews.newsscheduler.service.RssFetcher : Google RSS parsed 5 items for keyword: INFY
2026-04-16 14:45:02.847  INFO [rss-worker-2] com.companynews.newsscheduler.service.RssFetcher : Google RSS parsed 5 items for keyword: ADANIPORTS
2026-04-16 14:45:03.319  INFO [rss-worker-1] com.companynews.newsscheduler.service.RssFetcher : Google RSS parsed 5 items for keyword: SUNPHARMA
2026-04-16 14:45:03.938  INFO [ctx-global-watchlist] com.watchlist.global.service.GlobalWatchlistService : Price refresh complete — updated 50 / 50 companies
2026-04-16 14:45:03.939  INFO [ctx-global-watchlist] com.watchlist.global.service.GlobalWatchlistService : Persisting 50 entries to DB...
2026-04-16 14:45:03.976  INFO [rss-worker-2] com.companynews.newsscheduler.service.RssFetcher : Google RSS parsed 5 items for keyword: NTPC
2026-04-16 14:45:04.009  INFO [ctx-global-watchlist] com.watchlist.global.service.GlobalWatchlistService : Persist complete — saved 50 companies
2026-04-16 14:45:04.009  INFO [ctx-global-watchlist] com.watchlist.global.scheduler.GlobalWatchlistScheduler : Startup jobs complete
2026-04-16 14:45:04.009  INFO [ctx-global-watchlist] com.unified.UnifiedSchedulerApplication : Context ready: global-watchlist
2026-04-16 14:45:04.189  INFO [rss-worker-1] com.companynews.newsscheduler.service.RssFetcher : Google RSS parsed 5 items for keyword: BAJAJFINSV
2026-04-16 14:45:04.195  INFO [rss-worker-1] com.companynews.newsscheduler.service.NewsWorker : Saved 1 new item(s) for keyword: BAJAJFINSV
2026-04-16 14:45:04.903  INFO [rss-worker-2] com.companynews.newsscheduler.service.RssFetcher : Google RSS parsed 5 items for keyword: POWERGRID
2026-04-16 14:45:05.431  INFO [rss-worker-1] com.companynews.newsscheduler.service.RssFetcher : Google RSS parsed 5 items for keyword: HCLTECH
2026-04-16 14:45:05.921  INFO [rss-worker-2] com.companynews.newsscheduler.service.RssFetcher : Google RSS parsed 5 items for keyword: INDIGO
2026-04-16 14:45:06.427  INFO [rss-worker-1] com.companynews.newsscheduler.service.RssFetcher : Google RSS parsed 5 items for keyword: TITAN
2026-04-16 14:45:06.797  INFO [rss-worker-2] com.companynews.newsscheduler.service.RssFetcher : Google RSS parsed 5 items for keyword: BAJAJ-AUTO
2026-04-16 14:45:07.311  INFO [rss-worker-1] com.companynews.newsscheduler.service.RssFetcher : Google RSS parsed 5 items for keyword: TECHM
2026-04-16 14:45:07.744  INFO [rss-worker-2] com.companynews.newsscheduler.service.RssFetcher : Google RSS parsed 5 items for keyword: BAJFINANCE
2026-04-16 14:45:08.341  INFO [rss-worker-1] com.companynews.newsscheduler.service.RssFetcher : Google RSS parsed 5 items for keyword: SBILIFE
2026-04-16 14:45:09.011  INFO [rss-worker-2] com.companynews.newsscheduler.service.RssFetcher : Google RSS parsed 5 items for keyword: HINDALCO
2026-04-16 14:45:09.389  INFO [rss-worker-1] com.companynews.newsscheduler.service.RssFetcher : Google RSS parsed 5 items for keyword: RELIANCE
2026-04-16 14:45:09.810  INFO [rss-worker-2] com.companynews.newsscheduler.service.RssFetcher : Google RSS parsed 5 items for keyword: ICICIBANK
2026-04-16 14:45:09.986  INFO [scheduling-1] com.watchlist.global.service.GlobalWatchlistService : Price refresh complete — updated 50 / 50 companies
2026-04-16 14:45:10.411  INFO [rss-worker-1] com.companynews.newsscheduler.service.RssFetcher : Google RSS parsed 5 items for keyword: DRREDDY
2026-04-16 14:45:10.864  INFO [rss-worker-2] com.companynews.newsscheduler.service.RssFetcher : Google RSS parsed 5 items for keyword: TCS
2026-04-16 14:45:11.517  INFO [rss-worker-1] com.companynews.newsscheduler.service.RssFetcher : Google RSS parsed 5 items for keyword: TRENT
2026-04-16 14:45:11.984  INFO [rss-worker-2] com.companynews.newsscheduler.service.RssFetcher : Google RSS parsed 5 items for keyword: HDFCBANK
2026-04-16 14:45:12.552  INFO [rss-worker-1] com.companynews.newsscheduler.service.RssFetcher : Google RSS parsed 5 items for keyword: CIPLA
2026-04-16 14:45:12.947  INFO [rss-worker-2] com.companynews.newsscheduler.service.RssFetcher : Google RSS parsed 5 items for keyword: AXISBANK
2026-04-16 14:45:13.327  INFO [rss-worker-1] com.companynews.newsscheduler.service.RssFetcher : Google RSS parsed 5 items for keyword: COALINDIA
2026-04-16 14:45:14.007  INFO [rss-worker-2] com.companynews.newsscheduler.service.RssFetcher : Google RSS parsed 5 items for keyword: JSWSTEEL
2026-04-16 14:45:14.401  INFO [rss-worker-1] com.companynews.newsscheduler.service.RssFetcher : Google RSS parsed 5 items for keyword: ASIANPAINT
2026-04-16 14:45:14.892  INFO [rss-worker-2] com.companynews.newsscheduler.service.RssFetcher : Google RSS parsed 5 items for keyword: ULTRACEMCO
2026-04-16 14:45:14.899  INFO [rss-worker-2] com.companynews.newsscheduler.service.NewsWorker : Saved 2 new item(s) for keyword: ULTRACEMCO
2026-04-16 14:45:15.376  INFO [rss-worker-1] com.companynews.newsscheduler.service.RssFetcher : Google RSS parsed 5 items for keyword: ADANIENT
2026-04-16 14:45:15.385  INFO [rss-worker-1] com.companynews.newsscheduler.service.NewsWorker : Saved 2 new item(s) for keyword: ADANIENT
2026-04-16 14:45:16.004  INFO [rss-worker-2] com.companynews.newsscheduler.service.RssFetcher : Google RSS parsed 5 items for keyword: ONGC
2026-04-16 14:45:16.532  INFO [rss-worker-1] com.companynews.newsscheduler.service.RssFetcher : Google RSS parsed 5 items for keyword: BEL
2026-04-16 14:45:16.536  INFO [rss-worker-1] com.companynews.newsscheduler.service.NewsWorker : Saved 1 new item(s) for keyword: BEL
2026-04-16 14:45:16.887  INFO [rss-worker-2] com.companynews.newsscheduler.service.RssFetcher : Google RSS parsed 5 items for keyword: KOTAKBANK
2026-04-16 14:45:17.573  INFO [rss-worker-1] com.companynews.newsscheduler.service.RssFetcher : Google RSS parsed 5 items for keyword: M&M
2026-04-16 14:45:17.944  INFO [rss-worker-2] com.companynews.newsscheduler.service.RssFetcher : Google RSS parsed 5 items for keyword: HDFCLIFE
2026-04-16 14:45:17.947  INFO [rss-worker-2] com.companynews.newsscheduler.service.NewsWorker : Saved 1 new item(s) for keyword: HDFCLIFE
2026-04-16 14:45:18.501  INFO [rss-worker-1] com.companynews.newsscheduler.service.RssFetcher : Google RSS parsed 5 items for keyword: ITC
2026-04-16 14:45:18.504  INFO [rss-worker-1] com.companynews.newsscheduler.service.NewsWorker : Saved 1 new item(s) for keyword: ITC
2026-04-16 14:45:19.017  INFO [rss-worker-2] com.companynews.newsscheduler.service.RssFetcher : Google RSS parsed 5 items for keyword: APOLLOHOSP
2026-04-16 14:45:19.022  INFO [rss-worker-2] com.companynews.newsscheduler.service.NewsWorker : Saved 1 new item(s) for keyword: APOLLOHOSP
2026-04-16 14:45:19.663  INFO [rss-worker-1] com.companynews.newsscheduler.service.RssFetcher : Google RSS parsed 5 items for keyword: NIFTY AUTO
2026-04-16 14:45:19.666  INFO [rss-worker-1] com.companynews.newsscheduler.service.NewsWorker : Saved 1 new item(s) for keyword: NIFTY AUTO
2026-04-16 14:45:19.971  INFO [rss-worker-2] com.companynews.newsscheduler.service.RssFetcher : Google RSS parsed 5 items for keyword: NIFTY FINANCIAL SERVICES 25/50
2026-04-16 14:45:19.975  INFO [rss-worker-2] com.companynews.newsscheduler.service.NewsWorker : Saved 1 new item(s) for keyword: NIFTY FINANCIAL SERVICES 25/50
2026-04-16 14:45:20.967  INFO [rss-worker-1] com.companynews.newsscheduler.service.RssFetcher : Google RSS parsed 5 items for keyword: NIFTY FMCG
2026-04-16 14:45:21.405  INFO [rss-worker-1] com.companynews.newsscheduler.service.RssFetcher : Google RSS parsed 5 items for keyword: NIFTY MEDIA
2026-04-16 14:45:21.838  INFO [rss-worker-2] com.companynews.newsscheduler.service.RssFetcher : Google RSS parsed 5 items for keyword: NIFTY IT
2026-04-16 14:45:21.844  INFO [rss-worker-2] com.companynews.newsscheduler.service.NewsWorker : Saved 1 new item(s) for keyword: NIFTY IT
2026-04-16 14:45:22.025  INFO [rss-worker-1] com.companynews.newsscheduler.service.RssFetcher : Google RSS parsed 5 items for keyword: NIFTY METAL
2026-04-16 14:45:22.503  INFO [rss-worker-2] com.companynews.newsscheduler.service.RssFetcher : Google RSS parsed 5 items for keyword: NIFTY PHARMA
2026-04-16 14:45:23.078  INFO [rss-worker-1] com.companynews.newsscheduler.service.RssFetcher : Google RSS parsed 5 items for keyword: NIFTY PSU BANK
2026-04-16 14:45:23.657  INFO [rss-worker-2] com.companynews.newsscheduler.service.RssFetcher : Google RSS parsed 5 items for keyword: NIFTY PRIVATE BANK
2026-04-16 14:45:23.662  INFO [rss-worker-2] com.companynews.newsscheduler.service.NewsWorker : Saved 1 new item(s) for keyword: NIFTY PRIVATE BANK
2026-04-16 14:45:24.121  INFO [rss-worker-1] com.companynews.newsscheduler.service.RssFetcher : Google RSS parsed 5 items for keyword: NIFTY REALTY
2026-04-16 14:45:24.424  INFO [rss-worker-2] com.companynews.newsscheduler.service.RssFetcher : Google RSS parsed 5 items for keyword: NIFTY HEALTHCARE INDEX
2026-04-16 14:45:24.898  INFO [rss-worker-1] com.companynews.newsscheduler.service.RssFetcher : Google RSS parsed 5 items for keyword: NIFTY CONSUMER DURABLES
2026-04-16 14:45:25.499  INFO [rss-worker-2] com.companynews.newsscheduler.service.RssFetcher : Google RSS parsed 5 items for keyword: NIFTY OIL & GAS
2026-04-16 14:45:25.959  INFO [rss-worker-1] com.companynews.newsscheduler.service.RssFetcher : Google RSS parsed 5 items for keyword: NIFTY MIDSMALL HEALTHCARE
2026-04-16 14:45:26.510  INFO [rss-worker-2] com.companynews.newsscheduler.service.RssFetcher : Google RSS parsed 5 items for keyword: NIFTY FINANCIAL SERVICES EX-BANK
2026-04-16 14:45:26.975  INFO [rss-worker-1] com.companynews.newsscheduler.service.RssFetcher : Google RSS parsed 5 items for keyword: NIFTY MIDSMALL FINANCIAL SERVICES
2026-04-16 14:45:26.980  INFO [rss-worker-1] com.companynews.newsscheduler.service.NewsWorker : Saved 2 new item(s) for keyword: NIFTY MIDSMALL FINANCIAL SERVICES
2026-04-16 14:45:27.410  INFO [rss-worker-2] com.companynews.newsscheduler.service.RssFetcher : Google RSS parsed 5 items for keyword: NIFTY MIDSMALL IT & TELECOM
2026-04-16 14:45:28.004  INFO [rss-worker-1] com.companynews.newsscheduler.service.RssFetcher : Google RSS parsed 5 items for keyword: NIFTY CHEMICALS
2026-04-16 14:45:28.634  INFO [rss-worker-2] com.companynews.newsscheduler.service.RssFetcher : Google RSS parsed 5 items for keyword: NIFTY500 HEALTHCARE
2026-04-16 14:45:28.639  INFO [rss-worker-2] com.companynews.newsscheduler.service.NewsWorker : Saved 1 new item(s) for keyword: NIFTY500 HEALTHCARE
2026-04-16 14:45:29.237  INFO [rss-worker-1] com.companynews.newsscheduler.service.RssFetcher : Google RSS parsed 5 items for keyword: RBI monetary policy
2026-04-16 14:45:29.686  INFO [rss-worker-2] com.companynews.newsscheduler.service.RssFetcher : Google RSS parsed 5 items for keyword: Budget
2026-04-16 14:45:30.129  INFO [rss-worker-1] com.companynews.newsscheduler.service.RssFetcher : Google RSS parsed 5 items for keyword: FII investment
2026-04-16 14:45:30.666  INFO [rss-worker-2] com.companynews.newsscheduler.service.RssFetcher : Google RSS parsed 5 items for keyword: crude oil India
2026-04-16 14:45:30.974  INFO [rss-worker-1] com.companynews.newsscheduler.service.RssFetcher : Google RSS parsed 5 items for keyword: inflation India
2026-04-16 14:45:31.580  INFO [rss-worker-2] com.companynews.newsscheduler.service.RssFetcher : Google RSS parsed 5 items for keyword: Fed rate hike or cut
2026-04-16 14:45:32.163  INFO [rss-worker-1] com.companynews.newsscheduler.service.RssFetcher : Google RSS parsed 5 items for keyword: FOMC meeting
2026-04-16 14:45:32.555  INFO [rss-worker-2] com.companynews.newsscheduler.service.RssFetcher : Google RSS parsed 5 items for keyword: US inflation (CPI, PPI)
2026-04-16 14:45:33.105  INFO [rss-worker-1] com.companynews.newsscheduler.service.RssFetcher : Google RSS parsed 5 items for keyword: US job data (Nonfarm payrolls)
2026-04-16 14:45:33.673  INFO [rss-worker-2] com.companynews.newsscheduler.service.RssFetcher : Google RSS parsed 5 items for keyword: GDP growth / recession
2026-04-16 14:45:34.095  INFO [rss-worker-1] com.companynews.newsscheduler.service.RssFetcher : Google RSS parsed 5 items for keyword: Interest rates
2026-04-16 14:45:34.592  INFO [rss-worker-2] com.companynews.newsscheduler.service.RssFetcher : Google RSS parsed 5 items for keyword: Bond yields (US 10Y yield)
2026-04-16 14:45:35.087  INFO [rss-worker-1] com.companynews.newsscheduler.service.RssFetcher : Google RSS parsed 5 items for keyword: Dollar index (DXY)
2026-04-16 14:45:35.493  INFO [rss-worker-2] com.companynews.newsscheduler.service.RssFetcher : Google RSS parsed 5 items for keyword: Quantitative tightening (QT)
2026-04-16 14:45:35.984  INFO [rss-worker-1] com.companynews.newsscheduler.service.RssFetcher : Google RSS parsed 5 items for keyword: Quantitative easing (QE)
2026-04-16 14:45:36.782  INFO [rss-worker-2] com.companynews.newsscheduler.service.RssFetcher : Google RSS parsed 5 items for keyword: RBI policy / repo rate
2026-04-16 14:45:36.786  INFO [rss-worker-2] com.companynews.newsscheduler.service.NewsWorker : Saved 1 new item(s) for keyword: RBI policy / repo rate
2026-04-16 14:45:37.089  INFO [rss-worker-1] com.companynews.newsscheduler.service.RssFetcher : Google RSS parsed 5 items for keyword: Inflation (CPI/WPI India)
2026-04-16 14:45:37.094  INFO [rss-worker-1] com.companynews.newsscheduler.service.NewsWorker : Saved 1 new item(s) for keyword: Inflation (CPI/WPI India)
2026-04-16 14:45:37.681  INFO [rss-worker-2] com.companynews.newsscheduler.service.RssFetcher : Google RSS parsed 5 items for keyword: Union Budget
2026-04-16 14:45:38.118  INFO [rss-worker-1] com.companynews.newsscheduler.service.RssFetcher : Google RSS parsed 5 items for keyword: Fiscal deficit
2026-04-16 14:45:38.725  INFO [rss-worker-2] com.companynews.newsscheduler.service.RssFetcher : Google RSS parsed 5 items for keyword: GST changes
2026-04-16 14:45:38.733  INFO [rss-worker-2] com.companynews.newsscheduler.service.NewsWorker : Saved 2 new item(s) for keyword: GST changes
2026-04-16 14:45:39.076  INFO [rss-worker-1] com.companynews.newsscheduler.service.RssFetcher : Google RSS parsed 5 items for keyword: IIP data
2026-04-16 14:45:39.705  INFO [rss-worker-2] com.companynews.newsscheduler.service.RssFetcher : Google RSS parsed 5 items for keyword: Trade deficit
2026-04-16 14:45:39.708  INFO [rss-worker-2] com.companynews.newsscheduler.service.NewsWorker : Saved 1 new item(s) for keyword: Trade deficit
2026-04-16 14:45:40.280  INFO [rss-worker-1] com.companynews.newsscheduler.service.RssFetcher : Google RSS parsed 5 items for keyword: Rupee vs Dollar
2026-04-16 14:45:40.648  INFO [rss-worker-2] com.companynews.newsscheduler.service.RssFetcher : Google RSS parsed 5 items for keyword: Economic survey
2026-04-16 14:45:41.116  INFO [rss-worker-1] com.companynews.newsscheduler.service.RssFetcher : Google RSS parsed 5 items for keyword: War
2026-04-16 14:45:41.121  INFO [rss-worker-1] com.companynews.newsscheduler.service.NewsWorker : Saved 2 new item(s) for keyword: War
2026-04-16 14:45:41.691  INFO [rss-worker-2] com.companynews.newsscheduler.service.RssFetcher : Google RSS parsed 5 items for keyword: Trade war
2026-04-16 14:45:41.700  INFO [rss-worker-2] com.companynews.newsscheduler.service.NewsWorker : Saved 1 new item(s) for keyword: Trade war
2026-04-16 14:45:42.237  INFO [rss-worker-1] com.companynews.newsscheduler.service.RssFetcher : Google RSS parsed 5 items for keyword: Military strike
2026-04-16 14:45:42.833  INFO [rss-worker-2] com.companynews.newsscheduler.service.RssFetcher : Google RSS parsed 5 items for keyword: Border tension
2026-04-16 14:45:42.841  INFO [rss-worker-2] com.companynews.newsscheduler.service.NewsWorker : Saved 2 new item(s) for keyword: Border tension
2026-04-16 14:45:43.151  INFO [rss-worker-1] com.companynews.newsscheduler.service.RssFetcher : Google RSS parsed 5 items for keyword: Sanctions
2026-04-16 14:45:43.721  INFO [rss-worker-2] com.companynews.newsscheduler.service.RssFetcher : Google RSS parsed 5 items for keyword: Terrorist attack
2026-04-16 14:45:43.728  INFO [rss-worker-2] com.companynews.newsscheduler.service.NewsWorker : Saved 1 new item(s) for keyword: Terrorist attack
2026-04-16 14:45:44.137  INFO [rss-worker-1] com.companynews.newsscheduler.service.RssFetcher : Google RSS parsed 5 items for keyword: Political crisis
2026-04-16 14:45:44.821  INFO [rss-worker-2] com.companynews.newsscheduler.service.RssFetcher : Google RSS parsed 5 items for keyword: Nifty 50
2026-04-16 14:45:45.220  INFO [rss-worker-1] com.companynews.newsscheduler.service.RssFetcher : Google RSS parsed 5 items for keyword: Sensex
2026-04-16 14:45:46.316  INFO [rss-worker-2] com.companynews.newsscheduler.service.RssFetcher : Google RSS parsed 5 items for keyword: Bank Nifty
2026-04-16 14:45:46.331  INFO [rss-worker-2] com.companynews.newsscheduler.service.NewsWorker : Saved 2 new item(s) for keyword: Bank Nifty
2026-04-16 14:45:46.362  INFO [rss-worker-1] com.companynews.newsscheduler.service.RssFetcher : Google RSS parsed 5 items for keyword: Budget 2026
2026-04-16 14:45:46.884  INFO [rss-worker-2] com.companynews.newsscheduler.service.RssFetcher : Google RSS parsed 5 items for keyword: crude oil
2026-04-16 14:45:47.460  INFO [rss-worker-1] com.companynews.newsscheduler.service.RssFetcher : Google RSS parsed 5 items for keyword: gold price
2026-04-16 14:45:47.464  INFO [rss-worker-1] com.companynews.newsscheduler.service.NewsWorker : Saved 1 new item(s) for keyword: gold price
2026-04-16 14:45:47.754  INFO [rss-worker-2] com.companynews.newsscheduler.service.RssFetcher : Google RSS parsed 5 items for keyword: silver price
2026-04-16 14:45:48.268  INFO [rss-worker-1] com.companynews.newsscheduler.service.RssFetcher : Google RSS parsed 5 items for keyword: US economy
2026-04-16 14:45:48.921  INFO [rss-worker-2] com.companynews.newsscheduler.service.RssFetcher : Google RSS parsed 5 items for keyword: Europe economy
2026-04-16 14:45:49.282  INFO [rss-worker-1] com.companynews.newsscheduler.service.RssFetcher : Google RSS parsed 5 items for keyword: Asia markets
2026-04-16 14:45:49.766  INFO [rss-worker-2] com.companynews.newsscheduler.service.RssFetcher : Google RSS parsed 5 items for keyword: China economy
2026-04-16 14:45:50.181  INFO [rss-worker-1] com.companynews.newsscheduler.service.RssFetcher : Google RSS parsed 5 items for keyword: war commodity prices
2026-04-16 14:45:50.720  INFO [rss-worker-2] com.companynews.newsscheduler.service.RssFetcher : Google RSS parsed 5 items for keyword: OPEC oil
2026-04-16 14:45:51.296  INFO [rss-worker-1] com.companynews.newsscheduler.service.RssFetcher : Google RSS parsed 5 items for keyword: US Federal Reserve
2026-04-16 14:45:51.297  INFO [startup-thread-1] com.companynews.newsscheduler.scheduler.GoogleRssScheduler : Google RSS fetch cycle completed — 114 keywords processed
2026-04-16 14:46:41.585  INFO [http-nio-8084-exec-2] com.companynews.newsscheduler.controller.NewsController : GET /api/news requested for key=US economy
2026-04-16 14:46:41.585  INFO [http-nio-8084-exec-1] com.companynews.newsscheduler.controller.NewsController : GET /api/news requested for key=Fed rate hike or cut
2026-04-16 14:46:41.585  INFO [http-nio-8084-exec-6] com.companynews.newsscheduler.controller.NewsController : GET /api/news requested for key=US Federal Reserve
2026-04-16 14:46:41.585  INFO [http-nio-8084-exec-4] com.companynews.newsscheduler.controller.NewsController : GET /api/news requested for key=FOMC meeting
2026-04-16 14:46:41.585  INFO [http-nio-8084-exec-5] com.companynews.newsscheduler.controller.NewsController : GET /api/news requested for key=US job data (Nonfarm payrolls)
2026-04-16 14:46:41.585  INFO [http-nio-8084-exec-3] com.companynews.newsscheduler.controller.NewsController : GET /api/news requested for key=US inflation (CPI, PPI)
2026-04-16 14:46:41.595  INFO [http-nio-8084-exec-4] com.companynews.newsscheduler.controller.NewsController : Cache hit — returning DB data for key=FOMC meeting
2026-04-16 14:46:41.605  INFO [http-nio-8084-exec-3] com.companynews.newsscheduler.controller.NewsController : Cache hit — returning DB data for key=US inflation (CPI, PPI)
2026-04-16 14:46:41.605  INFO [http-nio-8084-exec-1] com.companynews.newsscheduler.controller.NewsController : Cache hit — returning DB data for key=Fed rate hike or cut
2026-04-16 14:46:41.605  INFO [http-nio-8084-exec-6] com.companynews.newsscheduler.controller.NewsController : Cache hit — returning DB data for key=US Federal Reserve
2026-04-16 14:46:41.606  INFO [http-nio-8084-exec-2] com.companynews.newsscheduler.controller.NewsController : Cache hit — returning DB data for key=US economy
2026-04-16 14:46:41.606  INFO [http-nio-8084-exec-5] com.companynews.newsscheduler.controller.NewsController : Cache hit — returning DB data for key=US job data (Nonfarm payrolls)
2026-04-16 14:46:41.636  INFO [http-nio-8084-exec-8] com.companynews.newsscheduler.controller.NewsController : GET /api/news requested for key=Dollar index (DXY)
2026-04-16 14:46:41.637  INFO [http-nio-8084-exec-8] com.companynews.newsscheduler.controller.NewsController : Cache hit — returning DB data for key=Dollar index (DXY)
2026-04-16 14:46:47.030  INFO [http-nio-8084-exec-10] com.companynews.newsscheduler.controller.NewsController : GET /api/news requested for key=US Federal Reserve
2026-04-16 14:46:47.030  INFO [http-nio-8084-exec-9] com.companynews.newsscheduler.controller.NewsController : GET /api/news requested for key=Fed rate hike or cut
2026-04-16 14:46:47.032  INFO [http-nio-8084-exec-1] com.companynews.newsscheduler.controller.NewsController : GET /api/news requested for key=US economy
2026-04-16 14:46:47.032  INFO [http-nio-8084-exec-5] com.companynews.newsscheduler.controller.NewsController : GET /api/news requested for key=US inflation (CPI, PPI)
2026-04-16 14:46:47.032  INFO [http-nio-8084-exec-2] com.companynews.newsscheduler.controller.NewsController : GET /api/news requested for key=FOMC meeting
2026-04-16 14:46:47.036  INFO [http-nio-8084-exec-10] com.companynews.newsscheduler.controller.NewsController : Cache hit — returning DB data for key=US Federal Reserve
2026-04-16 14:46:47.036  INFO [http-nio-8084-exec-6] com.companynews.newsscheduler.controller.NewsController : GET /api/news requested for key=US job data (Nonfarm payrolls)
2026-04-16 14:46:47.041  INFO [http-nio-8084-exec-1] com.companynews.newsscheduler.controller.NewsController : Cache hit — returning DB data for key=US economy
2026-04-16 14:46:47.041  INFO [http-nio-8084-exec-9] com.companynews.newsscheduler.controller.NewsController : Cache hit — returning DB data for key=Fed rate hike or cut
2026-04-16 14:46:47.041  INFO [http-nio-8084-exec-2] com.companynews.newsscheduler.controller.NewsController : Cache hit — returning DB data for key=FOMC meeting
2026-04-16 14:46:47.050  INFO [http-nio-8084-exec-5] com.companynews.newsscheduler.controller.NewsController : Cache hit — returning DB data for key=US inflation (CPI, PPI)
2026-04-16 14:46:47.051  INFO [http-nio-8084-exec-2] com.companynews.newsscheduler.controller.NewsController : GET /api/news requested for key=Dollar index (DXY)
2026-04-16 14:46:47.051  INFO [http-nio-8084-exec-6] com.companynews.newsscheduler.controller.NewsController : Cache hit — returning DB data for key=US job data (Nonfarm payrolls)
2026-04-16 14:46:47.057  INFO [http-nio-8084-exec-2] com.companynews.newsscheduler.controller.NewsController : Cache hit — returning DB data for key=Dollar index (DXY)
2026-04-16 14:46:48.095  INFO [http-nio-8084-exec-10] com.companynews.newsscheduler.controller.NewsController : GET /api/news requested for key=US economy
2026-04-16 14:46:48.095  INFO [http-nio-8084-exec-7] com.companynews.newsscheduler.controller.NewsController : GET /api/news requested for key=Fed rate hike or cut
2026-04-16 14:46:48.097  INFO [http-nio-8084-exec-8] com.companynews.newsscheduler.controller.NewsController : GET /api/news requested for key=FOMC meeting
2026-04-16 14:46:48.097  INFO [http-nio-8084-exec-1] com.companynews.newsscheduler.controller.NewsController : GET /api/news requested for key=US Federal Reserve
2026-04-16 14:46:48.097  INFO [http-nio-8084-exec-9] com.companynews.newsscheduler.controller.NewsController : GET /api/news requested for key=US inflation (CPI, PPI)
2026-04-16 14:46:48.100  INFO [http-nio-8084-exec-10] com.companynews.newsscheduler.controller.NewsController : Cache hit — returning DB data for key=US economy
2026-04-16 14:46:48.100  INFO [http-nio-8084-exec-9] com.companynews.newsscheduler.controller.NewsController : Cache hit — returning DB data for key=US inflation (CPI, PPI)
2026-04-16 14:46:48.100  INFO [http-nio-8084-exec-1] com.companynews.newsscheduler.controller.NewsController : Cache hit — returning DB data for key=US Federal Reserve
2026-04-16 14:46:48.100  INFO [http-nio-8084-exec-8] com.companynews.newsscheduler.controller.NewsController : Cache hit — returning DB data for key=FOMC meeting
2026-04-16 14:46:48.101  INFO [http-nio-8084-exec-3] com.companynews.newsscheduler.controller.NewsController : GET /api/news requested for key=US job data (Nonfarm payrolls)
2026-04-16 14:46:48.101  INFO [http-nio-8084-exec-7] com.companynews.newsscheduler.controller.NewsController : Cache hit — returning DB data for key=Fed rate hike or cut
2026-04-16 14:46:48.110  INFO [http-nio-8084-exec-3] com.companynews.newsscheduler.controller.NewsController : Cache hit — returning DB data for key=US job data (Nonfarm payrolls)
2026-04-16 14:46:48.114  INFO [http-nio-8084-exec-5] com.companynews.newsscheduler.controller.NewsController : GET /api/news requested for key=Dollar index (DXY)
2026-04-16 14:46:48.116  INFO [http-nio-8084-exec-5] com.companynews.newsscheduler.controller.NewsController : Cache hit — returning DB data for key=Dollar index (DXY)
2026-04-16 14:46:48.272  INFO [http-nio-8084-exec-1] com.companynews.newsscheduler.controller.NewsController : GET /api/news requested for key=FOMC meeting
2026-04-16 14:46:48.273  INFO [http-nio-8084-exec-2] com.companynews.newsscheduler.controller.NewsController : GET /api/news requested for key=US inflation (CPI, PPI)
2026-04-16 14:46:48.272  INFO [http-nio-8084-exec-4] com.companynews.newsscheduler.controller.NewsController : GET /api/news requested for key=US job data (Nonfarm payrolls)
2026-04-16 14:46:48.272  INFO [http-nio-8084-exec-7] com.companynews.newsscheduler.controller.NewsController : GET /api/news requested for key=US economy
2026-04-16 14:46:48.273  INFO [http-nio-8084-exec-10] com.companynews.newsscheduler.controller.NewsController : GET /api/news requested for key=Fed rate hike or cut
2026-04-16 14:46:48.274  INFO [http-nio-8084-exec-7] com.companynews.newsscheduler.controller.NewsController : Cache hit — returning DB data for key=US economy
2026-04-16 14:46:48.274  INFO [http-nio-8084-exec-2] com.companynews.newsscheduler.controller.NewsController : Cache hit — returning DB data for key=US inflation (CPI, PPI)
2026-04-16 14:46:48.274  INFO [http-nio-8084-exec-1] com.companynews.newsscheduler.controller.NewsController : Cache hit — returning DB data for key=FOMC meeting
2026-04-16 14:46:48.274  INFO [http-nio-8084-exec-4] com.companynews.newsscheduler.controller.NewsController : Cache hit — returning DB data for key=US job data (Nonfarm payrolls)
2026-04-16 14:46:48.275  INFO [http-nio-8084-exec-8] com.companynews.newsscheduler.controller.NewsController : GET /api/news requested for key=US Federal Reserve
2026-04-16 14:46:48.275  INFO [http-nio-8084-exec-10] com.companynews.newsscheduler.controller.NewsController : Cache hit — returning DB data for key=Fed rate hike or cut
2026-04-16 14:46:48.282  INFO [http-nio-8084-exec-8] com.companynews.newsscheduler.controller.NewsController : Cache hit — returning DB data for key=US Federal Reserve
2026-04-16 14:46:48.286  INFO [http-nio-8084-exec-3] com.companynews.newsscheduler.controller.NewsController : GET /api/news requested for key=Dollar index (DXY)
2026-04-16 14:46:48.287  INFO [http-nio-8084-exec-3] com.companynews.newsscheduler.controller.NewsController : Cache hit — returning DB data for key=Dollar index (DXY)
2026-04-16 14:46:48.505  INFO [http-nio-8084-exec-6] com.companynews.newsscheduler.controller.NewsController : GET /api/news requested for key=Fed rate hike or cut
2026-04-16 14:46:48.505  INFO [http-nio-8084-exec-5] com.companynews.newsscheduler.controller.NewsController : GET /api/news requested for key=FOMC meeting
2026-04-16 14:46:48.507  INFO [http-nio-8084-exec-2] com.companynews.newsscheduler.controller.NewsController : GET /api/news requested for key=US economy
2026-04-16 14:46:48.508  INFO [http-nio-8084-exec-4] com.companynews.newsscheduler.controller.NewsController : GET /api/news requested for key=US Federal Reserve
2026-04-16 14:46:48.508  INFO [http-nio-8084-exec-2] com.companynews.newsscheduler.controller.NewsController : Cache hit — returning DB data for key=US economy
2026-04-16 14:46:48.508  INFO [http-nio-8084-exec-1] com.companynews.newsscheduler.controller.NewsController : GET /api/news requested for key=US inflation (CPI, PPI)
2026-04-16 14:46:48.508  INFO [http-nio-8084-exec-6] com.companynews.newsscheduler.controller.NewsController : Cache hit — returning DB data for key=Fed rate hike or cut
2026-04-16 14:46:48.508  INFO [http-nio-8084-exec-7] com.companynews.newsscheduler.controller.NewsController : GET /api/news requested for key=US job data (Nonfarm payrolls)
2026-04-16 14:46:48.508  INFO [http-nio-8084-exec-5] com.companynews.newsscheduler.controller.NewsController : Cache hit — returning DB data for key=FOMC meeting
2026-04-16 14:46:48.512  INFO [http-nio-8084-exec-7] com.companynews.newsscheduler.controller.NewsController : Cache hit — returning DB data for key=US job data (Nonfarm payrolls)
2026-04-16 14:46:48.514  INFO [http-nio-8084-exec-4] com.companynews.newsscheduler.controller.NewsController : Cache hit — returning DB data for key=US Federal Reserve
2026-04-16 14:46:48.516  INFO [http-nio-8084-exec-1] com.companynews.newsscheduler.controller.NewsController : Cache hit — returning DB data for key=US inflation (CPI, PPI)
2026-04-16 14:46:48.520  INFO [http-nio-8084-exec-10] com.companynews.newsscheduler.controller.NewsController : GET /api/news requested for key=Dollar index (DXY)
2026-04-16 14:46:48.523  INFO [http-nio-8084-exec-10] com.companynews.newsscheduler.controller.NewsController : Cache hit — returning DB data for key=Dollar index (DXY)
2026-04-16 14:46:48.739  INFO [http-nio-8084-exec-9] com.companynews.newsscheduler.controller.NewsController : GET /api/news requested for key=US job data (Nonfarm payrolls)
2026-04-16 14:46:48.741  INFO [http-nio-8084-exec-5] com.companynews.newsscheduler.controller.NewsController : GET /api/news requested for key=US economy
2026-04-16 14:46:48.741  INFO [http-nio-8084-exec-3] com.companynews.newsscheduler.controller.NewsController : GET /api/news requested for key=Fed rate hike or cut
2026-04-16 14:46:48.742  INFO [http-nio-8084-exec-6] com.companynews.newsscheduler.controller.NewsController : GET /api/news requested for key=US inflation (CPI, PPI)
2026-04-16 14:46:48.742  INFO [http-nio-8084-exec-2] com.companynews.newsscheduler.controller.NewsController : GET /api/news requested for key=US Federal Reserve
2026-04-16 14:46:48.742  INFO [http-nio-8084-exec-9] com.companynews.newsscheduler.controller.NewsController : Cache hit — returning DB data for key=US job data (Nonfarm payrolls)
2026-04-16 14:46:48.743  INFO [http-nio-8084-exec-3] com.companynews.newsscheduler.controller.NewsController : Cache hit — returning DB data for key=Fed rate hike or cut
2026-04-16 14:46:48.743  INFO [http-nio-8084-exec-6] com.companynews.newsscheduler.controller.NewsController : Cache hit — returning DB data for key=US inflation (CPI, PPI)
2026-04-16 14:46:48.744  INFO [http-nio-8084-exec-7] com.companynews.newsscheduler.controller.NewsController : GET /api/news requested for key=FOMC meeting
2026-04-16 14:46:48.744  INFO [http-nio-8084-exec-5] com.companynews.newsscheduler.controller.NewsController : Cache hit — returning DB data for key=US economy
2026-04-16 14:46:48.744  INFO [http-nio-8084-exec-2] com.companynews.newsscheduler.controller.NewsController : Cache hit — returning DB data for key=US Federal Reserve
2026-04-16 14:46:48.751  INFO [http-nio-8084-exec-7] com.companynews.newsscheduler.controller.NewsController : Cache hit — returning DB data for key=FOMC meeting
2026-04-16 14:46:48.756  INFO [http-nio-8084-exec-4] com.companynews.newsscheduler.controller.NewsController : GET /api/news requested for key=Dollar index (DXY)
2026-04-16 14:46:48.758  INFO [http-nio-8084-exec-4] com.companynews.newsscheduler.controller.NewsController : Cache hit — returning DB data for key=Dollar index (DXY)
2026-04-16 14:46:50.418  INFO [http-nio-8084-exec-10] com.companynews.newsscheduler.controller.NewsController : GET /api/news requested for key=Europe economy
2026-04-16 14:46:50.422  INFO [http-nio-8084-exec-10] com.companynews.newsscheduler.controller.NewsController : Cache hit — returning DB data for key=Europe economy
2026-04-16 14:46:53.019  INFO [http-nio-8084-exec-9] com.companynews.newsscheduler.controller.NewsController : GET /api/news requested for key=Japan economy
2026-04-16 14:46:53.019  INFO [http-nio-8084-exec-8] com.companynews.newsscheduler.controller.NewsController : GET /api/news requested for key=China economy
2026-04-16 14:46:53.021  INFO [http-nio-8084-exec-6] com.companynews.newsscheduler.controller.NewsController : GET /api/news requested for key=Singapore economy
2026-04-16 14:46:53.021  INFO [http-nio-8084-exec-9] com.companynews.newsscheduler.controller.NewsController : Cache miss — fetching on-demand for key=Japan economy
2026-04-16 14:46:53.022  INFO [http-nio-8084-exec-3] com.companynews.newsscheduler.controller.NewsController : GET /api/news requested for key=Asia markets
2026-04-16 14:46:53.022  INFO [http-nio-8084-exec-6] com.companynews.newsscheduler.controller.NewsController : Cache miss — fetching on-demand for key=Singapore economy
2026-04-16 14:46:53.023  INFO [http-nio-8084-exec-8] com.companynews.newsscheduler.controller.NewsController : Cache hit — returning DB data for key=China economy
2026-04-16 14:46:53.026  INFO [http-nio-8084-exec-3] com.companynews.newsscheduler.controller.NewsController : Cache hit — returning DB data for key=Asia markets
2026-04-16 14:46:53.158  INFO [http-nio-8084-exec-9] com.companynews.newsscheduler.service.NseFetcher : NSE JSON parsed successfully — 20 announcements retrieved
2026-04-16 14:46:53.231  INFO [http-nio-8084-exec-6] com.companynews.newsscheduler.service.NseFetcher : NSE JSON parsed successfully — 20 announcements retrieved
2026-04-16 14:46:53.831  INFO [http-nio-8084-exec-9] com.companynews.newsscheduler.service.RssFetcher : Google RSS parsed 5 items for keyword: Japan economy
2026-04-16 14:46:53.832  INFO [http-nio-8084-exec-9] com.companynews.newsscheduler.controller.NewsController : Google RSS on-demand: 4 new items found for key=Japan economy
2026-04-16 14:46:53.839  INFO [http-nio-8084-exec-9] com.companynews.newsscheduler.service.NewsWorker : Saved 4 new item(s) for keyword: Japan economy
2026-04-16 14:46:53.895  INFO [http-nio-8084-exec-6] com.companynews.newsscheduler.service.RssFetcher : Google RSS parsed 5 items for keyword: Singapore economy
2026-04-16 14:46:53.895  INFO [http-nio-8084-exec-6] com.companynews.newsscheduler.controller.NewsController : Google RSS on-demand: 5 new items found for key=Singapore economy
2026-04-16 14:46:53.899  INFO [http-nio-8084-exec-6] com.companynews.newsscheduler.service.NewsWorker : Saved 5 new item(s) for keyword: Singapore economy
2026-04-16 14:46:56.950  INFO [http-nio-8084-exec-1] com.companynews.newsscheduler.controller.NewsController : GET /api/news requested for key=RBI monetary policy
2026-04-16 14:46:56.950  INFO [http-nio-8084-exec-2] com.companynews.newsscheduler.controller.NewsController : GET /api/news requested for key=Budget
2026-04-16 14:46:56.951  INFO [http-nio-8084-exec-4] com.companynews.newsscheduler.controller.NewsController : GET /api/news requested for key=RBI policy / repo rate
2026-04-16 14:46:56.950  INFO [http-nio-8084-exec-7] com.companynews.newsscheduler.controller.NewsController : GET /api/news requested for key=Budget 2026
2026-04-16 14:46:56.950  INFO [http-nio-8084-exec-5] com.companynews.newsscheduler.controller.NewsController : GET /api/news requested for key=Union Budget
2026-04-16 14:46:56.953  INFO [http-nio-8084-exec-5] com.companynews.newsscheduler.controller.NewsController : Cache hit — returning DB data for key=Union Budget
2026-04-16 14:46:56.953  INFO [http-nio-8084-exec-2] com.companynews.newsscheduler.controller.NewsController : Cache hit — returning DB data for key=Budget
2026-04-16 14:46:56.953  INFO [http-nio-8084-exec-4] com.companynews.newsscheduler.controller.NewsController : Cache hit — returning DB data for key=RBI policy / repo rate
2026-04-16 14:46:56.954  INFO [http-nio-8084-exec-10] com.companynews.newsscheduler.controller.NewsController : GET /api/news requested for key=Fiscal deficit
2026-04-16 14:46:56.955  INFO [http-nio-8084-exec-1] com.companynews.newsscheduler.controller.NewsController : Cache hit — returning DB data for key=RBI monetary policy
2026-04-16 14:46:56.965  INFO [http-nio-8084-exec-3] com.companynews.newsscheduler.controller.NewsController : GET /api/news requested for key=Inflation (CPI/WPI India)
2026-04-16 14:46:56.965  INFO [http-nio-8084-exec-8] com.companynews.newsscheduler.controller.NewsController : GET /api/news requested for key=inflation India
2026-04-16 14:46:56.965  INFO [http-nio-8084-exec-9] com.companynews.newsscheduler.controller.NewsController : GET /api/news requested for key=GST changes
2026-04-16 14:46:56.966  INFO [http-nio-8084-exec-7] com.companynews.newsscheduler.controller.NewsController : Cache hit — returning DB data for key=Budget 2026
2026-04-16 14:46:56.967  INFO [http-nio-8084-exec-6] com.companynews.newsscheduler.controller.NewsController : GET /api/news requested for key=IIP data
2026-04-16 14:46:56.967  INFO [http-nio-8084-exec-9] com.companynews.newsscheduler.controller.NewsController : Cache hit — returning DB data for key=GST changes
2026-04-16 14:46:56.967  INFO [http-nio-8084-exec-8] com.companynews.newsscheduler.controller.NewsController : Cache hit — returning DB data for key=inflation India
2026-04-16 14:46:56.967  INFO [http-nio-8084-exec-3] com.companynews.newsscheduler.controller.NewsController : Cache hit — returning DB data for key=Inflation (CPI/WPI India)
2026-04-16 14:46:56.975  INFO [http-nio-8084-exec-10] com.companynews.newsscheduler.controller.NewsController : Cache hit — returning DB data for key=Fiscal deficit
2026-04-16 14:46:56.975  INFO [http-nio-8084-exec-6] com.companynews.newsscheduler.controller.NewsController : Cache hit — returning DB data for key=IIP data
2026-04-16 14:46:56.976  INFO [http-nio-8084-exec-4] com.companynews.newsscheduler.controller.NewsController : GET /api/news requested for key=FII investment
2026-04-16 14:46:56.977  INFO [http-nio-8084-exec-2] com.companynews.newsscheduler.controller.NewsController : GET /api/news requested for key=Trade deficit
2026-04-16 14:46:56.978  INFO [http-nio-8084-exec-5] com.companynews.newsscheduler.controller.NewsController : GET /api/news requested for key=Rupee vs Dollar
2026-04-16 14:46:56.978  INFO [http-nio-8084-exec-6] com.companynews.newsscheduler.controller.NewsController : GET /api/news requested for key=Economic survey
2026-04-16 14:46:56.982  INFO [http-nio-8084-exec-5] com.companynews.newsscheduler.controller.NewsController : Cache hit — returning DB data for key=Rupee vs Dollar
2026-04-16 14:46:56.983  INFO [http-nio-8084-exec-6] com.companynews.newsscheduler.controller.NewsController : Cache hit — returning DB data for key=Economic survey
2026-04-16 14:46:56.983  INFO [http-nio-8084-exec-4] com.companynews.newsscheduler.controller.NewsController : Cache hit — returning DB data for key=FII investment
2026-04-16 14:46:56.983  INFO [http-nio-8084-exec-2] com.companynews.newsscheduler.controller.NewsController : Cache hit — returning DB data for key=Trade deficit
2026-04-16 14:46:56.986  INFO [http-nio-8084-exec-5] com.companynews.newsscheduler.controller.NewsController : GET /api/news requested for key=Sensex
2026-04-16 14:46:56.988  INFO [http-nio-8084-exec-9] com.companynews.newsscheduler.controller.NewsController : GET /api/news requested for key=Nifty 50
2026-04-16 14:46:56.991  INFO [http-nio-8084-exec-5] com.companynews.newsscheduler.controller.NewsController : Cache hit — returning DB data for key=Sensex
2026-04-16 14:46:56.992  INFO [http-nio-8084-exec-9] com.companynews.newsscheduler.controller.NewsController : Cache hit — returning DB data for key=Nifty 50
2026-04-16 14:46:56.993  INFO [http-nio-8084-exec-8] com.companynews.newsscheduler.controller.NewsController : GET /api/news requested for key=crude oil India
2026-04-16 14:46:56.993  INFO [http-nio-8084-exec-10] com.companynews.newsscheduler.controller.NewsController : GET /api/news requested for key=India election results
2026-04-16 14:46:56.993  INFO [http-nio-8084-exec-7] com.companynews.newsscheduler.controller.NewsController : GET /api/news requested for key=Bank Nifty
2026-04-16 14:46:56.996  INFO [http-nio-8084-exec-8] com.companynews.newsscheduler.controller.NewsController : Cache hit — returning DB data for key=crude oil India
2026-04-16 14:46:56.997  INFO [http-nio-8084-exec-7] com.companynews.newsscheduler.controller.NewsController : Cache hit — returning DB data for key=Bank Nifty
2026-04-16 14:46:56.996  INFO [http-nio-8084-exec-10] com.companynews.newsscheduler.controller.NewsController : Cache miss — fetching on-demand for key=India election results
2026-04-16 14:46:57.082  INFO [http-nio-8084-exec-10] com.companynews.newsscheduler.service.NseFetcher : NSE JSON parsed successfully — 20 announcements retrieved
2026-04-16 14:46:58.076  INFO [http-nio-8084-exec-10] com.companynews.newsscheduler.service.RssFetcher : Google RSS parsed 5 items for keyword: India election results
2026-04-16 14:46:58.077  INFO [http-nio-8084-exec-10] com.companynews.newsscheduler.controller.NewsController : Google RSS on-demand: 5 new items found for key=India election results
2026-04-16 14:46:58.082  INFO [http-nio-8084-exec-10] com.companynews.newsscheduler.service.NewsWorker : Saved 5 new item(s) for keyword: India election results
2026-04-16 14:47:12.097  INFO [http-nio-8084-exec-3] com.companynews.newsscheduler.controller.NewsController : GET /api/news requested for key=Quantitative easing (QE)
2026-04-16 14:47:12.097  INFO [http-nio-8084-exec-6] com.companynews.newsscheduler.controller.NewsController : GET /api/news requested for key=Interest rates
2026-04-16 14:47:12.097  INFO [http-nio-8084-exec-4] com.companynews.newsscheduler.controller.NewsController : GET /api/news requested for key=Quantitative tightening (QT)
2026-04-16 14:47:12.097  INFO [http-nio-8084-exec-5] com.companynews.newsscheduler.controller.NewsController : GET /api/news requested for key=Bond yields (US 10Y yield)
2026-04-16 14:47:12.098  INFO [http-nio-8084-exec-2] com.companynews.newsscheduler.controller.NewsController : GET /api/news requested for key=GDP growth / recession
2026-04-16 14:47:12.098  INFO [http-nio-8084-exec-9] com.companynews.newsscheduler.controller.NewsController : GET /api/news requested for key=crude oil
2026-04-16 14:47:12.099  INFO [http-nio-8084-exec-3] com.companynews.newsscheduler.controller.NewsController : Cache hit — returning DB data for key=Quantitative easing (QE)
2026-04-16 14:47:12.099  INFO [http-nio-8084-exec-2] com.companynews.newsscheduler.controller.NewsController : Cache hit — returning DB data for key=GDP growth / recession
2026-04-16 14:47:12.099  INFO [http-nio-8084-exec-5] com.companynews.newsscheduler.controller.NewsController : Cache hit — returning DB data for key=Bond yields (US 10Y yield)
2026-04-16 14:47:12.100  INFO [http-nio-8084-exec-6] com.companynews.newsscheduler.controller.NewsController : Cache hit — returning DB data for key=Interest rates
2026-04-16 14:47:12.100  INFO [http-nio-8084-exec-4] com.companynews.newsscheduler.controller.NewsController : Cache hit — returning DB data for key=Quantitative tightening (QT)
2026-04-16 14:47:12.100  INFO [http-nio-8084-exec-9] com.companynews.newsscheduler.controller.NewsController : Cache hit — returning DB data for key=crude oil
2026-04-16 14:47:12.115  INFO [http-nio-8084-exec-8] com.companynews.newsscheduler.controller.NewsController : GET /api/news requested for key=silver price
2026-04-16 14:47:12.115  INFO [http-nio-8084-exec-1] com.companynews.newsscheduler.controller.NewsController : GET /api/news requested for key=gold price
2026-04-16 14:47:12.115  INFO [http-nio-8084-exec-10] com.companynews.newsscheduler.controller.NewsController : GET /api/news requested for key=War
2026-04-16 14:47:12.117  INFO [http-nio-8084-exec-6] com.companynews.newsscheduler.controller.NewsController : GET /api/news requested for key=Trade war
2026-04-16 14:47:12.117  INFO [http-nio-8084-exec-5] com.companynews.newsscheduler.controller.NewsController : GET /api/news requested for key=war commodity prices
2026-04-16 14:47:12.117  INFO [http-nio-8084-exec-2] com.companynews.newsscheduler.controller.NewsController : GET /api/news requested for key=OPEC oil
2026-04-16 14:47:12.117  INFO [http-nio-8084-exec-8] com.companynews.newsscheduler.controller.NewsController : Cache hit — returning DB data for key=silver price
2026-04-16 14:47:12.120  INFO [http-nio-8084-exec-1] com.companynews.newsscheduler.controller.NewsController : Cache hit — returning DB data for key=gold price
2026-04-16 14:47:12.122  INFO [http-nio-8084-exec-5] com.companynews.newsscheduler.controller.NewsController : Cache hit — returning DB data for key=war commodity prices
2026-04-16 14:47:12.122  INFO [http-nio-8084-exec-10] com.companynews.newsscheduler.controller.NewsController : Cache hit — returning DB data for key=War
2026-04-16 14:47:12.127  INFO [http-nio-8084-exec-2] com.companynews.newsscheduler.controller.NewsController : Cache hit — returning DB data for key=OPEC oil
2026-04-16 14:47:12.128  INFO [http-nio-8084-exec-6] com.companynews.newsscheduler.controller.NewsController : Cache hit — returning DB data for key=Trade war
2026-04-16 14:47:12.132  INFO [http-nio-8084-exec-4] com.companynews.newsscheduler.controller.NewsController : GET /api/news requested for key=Military strike
2026-04-16 14:47:12.135  INFO [http-nio-8084-exec-9] com.companynews.newsscheduler.controller.NewsController : GET /api/news requested for key=Border tension
2026-04-16 14:47:12.135  INFO [http-nio-8084-exec-4] com.companynews.newsscheduler.controller.NewsController : Cache hit — returning DB data for key=Military strike
2026-04-16 14:47:12.136  INFO [http-nio-8084-exec-3] com.companynews.newsscheduler.controller.NewsController : GET /api/news requested for key=Sanctions
2026-04-16 14:47:12.138  INFO [http-nio-8084-exec-7] com.companynews.newsscheduler.controller.NewsController : GET /api/news requested for key=Political crisis
2026-04-16 14:47:12.139  INFO [http-nio-8084-exec-9] com.companynews.newsscheduler.controller.NewsController : Cache hit — returning DB data for key=Border tension
2026-04-16 14:47:12.139  INFO [http-nio-8084-exec-3] com.companynews.newsscheduler.controller.NewsController : Cache hit — returning DB data for key=Sanctions
2026-04-16 14:47:12.139  INFO [http-nio-8084-exec-8] com.companynews.newsscheduler.controller.NewsController : GET /api/news requested for key=Terrorist attack
2026-04-16 14:47:12.141  INFO [http-nio-8084-exec-8] com.companynews.newsscheduler.controller.NewsController : Cache hit — returning DB data for key=Terrorist attack
2026-04-16 14:47:12.141  INFO [http-nio-8084-exec-7] com.companynews.newsscheduler.controller.NewsController : Cache hit — returning DB data for key=Political crisis
2026-04-16 14:48:34.801  INFO [http-nio-8084-exec-9] com.companynews.newsscheduler.controller.NewsController : GET /api/news requested for key=Nifty 50
2026-04-16 14:48:34.805  INFO [http-nio-8085-exec-1] com.nseevents.nse_events_scheduler.controller.EventsController : GET /api/events?key=NIFTY 50
2026-04-16 14:48:34.826  INFO [http-nio-8085-exec-1] com.nseevents.nse_events_scheduler.controller.EventsController : DB miss — on-demand fetch from NSE for [NIFTY 50]
2026-04-16 14:48:34.831  INFO [http-nio-8084-exec-9] com.companynews.newsscheduler.controller.NewsController : Cache hit — returning DB data for key=Nifty 50
2026-04-16 14:48:35.003  INFO [http-nio-8085-exec-1] com.nseevents.nse_events_scheduler.service.NseEventFetchService : NSE Events fetch complete — 217 events retrieved
2026-04-16 14:48:35.006  WARN [http-nio-8085-exec-1] com.nseevents.nse_events_scheduler.controller.EventsController : No events found for [NIFTY 50]
2026-04-16 14:48:39.437  INFO [http-nio-8085-exec-2] com.nseevents.nse_events_scheduler.controller.EventsController : GET /api/events?key=NIFTY AUTO
2026-04-16 14:48:39.438  INFO [http-nio-8084-exec-3] com.companynews.newsscheduler.controller.NewsController : GET /api/news requested for key=NIFTY AUTO
2026-04-16 14:48:39.440  INFO [http-nio-8085-exec-2] com.nseevents.nse_events_scheduler.controller.EventsController : DB miss — on-demand fetch from NSE for [NIFTY AUTO]
2026-04-16 14:48:39.449  INFO [http-nio-8084-exec-3] com.companynews.newsscheduler.controller.NewsController : Cache hit — returning DB data for key=NIFTY AUTO
2026-04-16 14:48:39.495  INFO [http-nio-8085-exec-2] com.nseevents.nse_events_scheduler.service.NseEventFetchService : NSE Events fetch complete — 217 events retrieved
2026-04-16 14:48:39.498  WARN [http-nio-8085-exec-2] com.nseevents.nse_events_scheduler.controller.EventsController : No events found for [NIFTY AUTO]
2026-04-16 14:48:41.285  INFO [http-nio-8085-exec-3] com.nseevents.nse_events_scheduler.controller.EventsController : GET /api/events?key=NIFTY FMCG
2026-04-16 14:48:41.287  INFO [http-nio-8084-exec-8] com.companynews.newsscheduler.controller.NewsController : GET /api/news requested for key=NIFTY FMCG
2026-04-16 14:48:41.288  INFO [http-nio-8085-exec-3] com.nseevents.nse_events_scheduler.controller.EventsController : DB miss — on-demand fetch from NSE for [NIFTY FMCG]
2026-04-16 14:48:41.291  INFO [http-nio-8084-exec-8] com.companynews.newsscheduler.controller.NewsController : Cache hit — returning DB data for key=NIFTY FMCG
2026-04-16 14:48:41.344  INFO [http-nio-8085-exec-3] com.nseevents.nse_events_scheduler.service.NseEventFetchService : NSE Events fetch complete — 217 events retrieved
2026-04-16 14:48:41.346  WARN [http-nio-8085-exec-3] com.nseevents.nse_events_scheduler.controller.EventsController : No events found for [NIFTY FMCG]
2026-04-16 14:48:42.668  INFO [http-nio-8085-exec-4] com.nseevents.nse_events_scheduler.controller.EventsController : GET /api/events?key=NIFTY MIDSMALL HEALTHCARE
2026-04-16 14:48:42.669  INFO [http-nio-8084-exec-7] com.companynews.newsscheduler.controller.NewsController : GET /api/news requested for key=NIFTY MIDSMALL HEALTHCARE
2026-04-16 14:48:42.672  INFO [http-nio-8085-exec-4] com.nseevents.nse_events_scheduler.controller.EventsController : DB miss — on-demand fetch from NSE for [NIFTY MIDSMALL HEALTHCARE]
2026-04-16 14:48:42.673  INFO [http-nio-8084-exec-7] com.companynews.newsscheduler.controller.NewsController : Cache hit — returning DB data for key=NIFTY MIDSMALL HEALTHCARE
2026-04-16 14:48:42.721  INFO [http-nio-8085-exec-4] com.nseevents.nse_events_scheduler.service.NseEventFetchService : NSE Events fetch complete — 217 events retrieved
2026-04-16 14:48:42.723  WARN [http-nio-8085-exec-4] com.nseevents.nse_events_scheduler.controller.EventsController : No events found for [NIFTY MIDSMALL HEALTHCARE]
2026-04-16 14:48:45.887  INFO [http-nio-8085-exec-5] com.nseevents.nse_events_scheduler.controller.EventsController : GET /api/events?key=NIFTY REALTY
2026-04-16 14:48:45.888  INFO [http-nio-8084-exec-1] com.companynews.newsscheduler.controller.NewsController : GET /api/news requested for key=NIFTY REALTY
2026-04-16 14:48:45.890  INFO [http-nio-8085-exec-5] com.nseevents.nse_events_scheduler.controller.EventsController : DB miss — on-demand fetch from NSE for [NIFTY REALTY]
2026-04-16 14:48:45.891  INFO [http-nio-8084-exec-1] com.companynews.newsscheduler.controller.NewsController : Cache hit — returning DB data for key=NIFTY REALTY
2026-04-16 14:48:45.951  INFO [http-nio-8085-exec-5] com.nseevents.nse_events_scheduler.service.NseEventFetchService : NSE Events fetch complete — 217 events retrieved
2026-04-16 14:48:45.952  WARN [http-nio-8085-exec-5] com.nseevents.nse_events_scheduler.controller.EventsController : No events found for [NIFTY REALTY]
2026-04-16 14:48:46.690  INFO [http-nio-8085-exec-6] com.nseevents.nse_events_scheduler.controller.EventsController : GET /api/events?key=NIFTY MIDSMALL HEALTHCARE
2026-04-16 14:48:46.691  INFO [http-nio-8084-exec-6] com.companynews.newsscheduler.controller.NewsController : GET /api/news requested for key=NIFTY MIDSMALL HEALTHCARE
2026-04-16 14:48:46.693  INFO [http-nio-8085-exec-6] com.nseevents.nse_events_scheduler.controller.EventsController : DB miss — on-demand fetch from NSE for [NIFTY MIDSMALL HEALTHCARE]
2026-04-16 14:48:46.694  INFO [http-nio-8084-exec-6] com.companynews.newsscheduler.controller.NewsController : Cache hit — returning DB data for key=NIFTY MIDSMALL HEALTHCARE
2026-04-16 14:48:46.756  INFO [http-nio-8085-exec-6] com.nseevents.nse_events_scheduler.service.NseEventFetchService : NSE Events fetch complete — 217 events retrieved
2026-04-16 14:48:46.758  WARN [http-nio-8085-exec-6] com.nseevents.nse_events_scheduler.controller.EventsController : No events found for [NIFTY MIDSMALL HEALTHCARE]
2026-04-16 14:48:47.416  INFO [http-nio-8085-exec-7] com.nseevents.nse_events_scheduler.controller.EventsController : GET /api/events?key=NIFTY500 HEALTHCARE
2026-04-16 14:48:47.416  INFO [http-nio-8084-exec-5] com.companynews.newsscheduler.controller.NewsController : GET /api/news requested for key=NIFTY500 HEALTHCARE
2026-04-16 14:48:47.420  INFO [http-nio-8085-exec-7] com.nseevents.nse_events_scheduler.controller.EventsController : DB miss — on-demand fetch from NSE for [NIFTY500 HEALTHCARE]
2026-04-16 14:48:47.421  INFO [http-nio-8084-exec-5] com.companynews.newsscheduler.controller.NewsController : Cache hit — returning DB data for key=NIFTY500 HEALTHCARE
2026-04-16 14:48:47.460  INFO [http-nio-8085-exec-7] com.nseevents.nse_events_scheduler.service.NseEventFetchService : NSE Events fetch complete — 217 events retrieved
2026-04-16 14:48:47.461  WARN [http-nio-8085-exec-7] com.nseevents.nse_events_scheduler.controller.EventsController : No events found for [NIFTY500 HEALTHCARE]
2026-04-16 14:48:51.103  INFO [http-nio-8085-exec-8] com.nseevents.nse_events_scheduler.controller.EventsController : GET /api/events?key=NIFTY MIDSMALL IT & TELECOM
2026-04-16 14:48:51.103  INFO [http-nio-8084-exec-4] com.companynews.newsscheduler.controller.NewsController : GET /api/news requested for key=NIFTY MIDSMALL IT & TELECOM
2026-04-16 14:48:51.110  INFO [http-nio-8085-exec-8] com.nseevents.nse_events_scheduler.controller.EventsController : DB miss — on-demand fetch from NSE for [NIFTY MIDSMALL IT & TELECOM]
2026-04-16 14:48:51.111  INFO [http-nio-8084-exec-4] com.companynews.newsscheduler.controller.NewsController : Cache hit — returning DB data for key=NIFTY MIDSMALL IT & TELECOM
2026-04-16 14:48:51.175  INFO [http-nio-8085-exec-8] com.nseevents.nse_events_scheduler.service.NseEventFetchService : NSE Events fetch complete — 217 events retrieved
2026-04-16 14:48:51.178  WARN [http-nio-8085-exec-8] com.nseevents.nse_events_scheduler.controller.EventsController : No events found for [NIFTY MIDSMALL IT & TELECOM]
2026-04-16 14:48:52.485  INFO [http-nio-8085-exec-9] com.nseevents.nse_events_scheduler.controller.EventsController : GET /api/events?key=NIFTY OIL & GAS
2026-04-16 14:48:52.486  INFO [http-nio-8084-exec-2] com.companynews.newsscheduler.controller.NewsController : GET /api/news requested for key=NIFTY OIL & GAS
2026-04-16 14:48:52.489  INFO [http-nio-8085-exec-9] com.nseevents.nse_events_scheduler.controller.EventsController : DB miss — on-demand fetch from NSE for [NIFTY OIL & GAS]
2026-04-16 14:48:52.491  INFO [http-nio-8084-exec-2] com.companynews.newsscheduler.controller.NewsController : Cache hit — returning DB data for key=NIFTY OIL & GAS
2026-04-16 14:48:52.561  INFO [http-nio-8085-exec-9] com.nseevents.nse_events_scheduler.service.NseEventFetchService : NSE Events fetch complete — 217 events retrieved
2026-04-16 14:48:52.562  WARN [http-nio-8085-exec-9] com.nseevents.nse_events_scheduler.controller.EventsController : No events found for [NIFTY OIL & GAS]
2026-04-16 14:48:53.801  INFO [http-nio-8085-exec-10] com.nseevents.nse_events_scheduler.controller.EventsController : GET /api/events?key=NIFTY PHARMA
2026-04-16 14:48:53.802  INFO [http-nio-8084-exec-10] com.companynews.newsscheduler.controller.NewsController : GET /api/news requested for key=NIFTY PHARMA
2026-04-16 14:48:53.804  INFO [http-nio-8085-exec-10] com.nseevents.nse_events_scheduler.controller.EventsController : DB miss — on-demand fetch from NSE for [NIFTY PHARMA]
2026-04-16 14:48:53.805  INFO [http-nio-8084-exec-10] com.companynews.newsscheduler.controller.NewsController : Cache hit — returning DB data for key=NIFTY PHARMA
2026-04-16 14:48:53.849  INFO [http-nio-8085-exec-10] com.nseevents.nse_events_scheduler.service.NseEventFetchService : NSE Events fetch complete — 217 events retrieved
2026-04-16 14:48:53.852  WARN [http-nio-8085-exec-10] com.nseevents.nse_events_scheduler.controller.EventsController : No events found for [NIFTY PHARMA]
2026-04-16 14:48:57.704  INFO [http-nio-8085-exec-1] com.nseevents.nse_events_scheduler.controller.EventsController : GET /api/events?key=NIFTY MIDSMALL FINANCIAL SERVICES
2026-04-16 14:48:57.704  INFO [http-nio-8084-exec-9] com.companynews.newsscheduler.controller.NewsController : GET /api/news requested for key=NIFTY MIDSMALL FINANCIAL SERVICES
2026-04-16 14:48:57.706  INFO [http-nio-8085-exec-1] com.nseevents.nse_events_scheduler.controller.EventsController : DB miss — on-demand fetch from NSE for [NIFTY MIDSMALL FINANCIAL SERVICES]
2026-04-16 14:48:57.707  INFO [http-nio-8084-exec-9] com.companynews.newsscheduler.controller.NewsController : Cache hit — returning DB data for key=NIFTY MIDSMALL FINANCIAL SERVICES
2026-04-16 14:48:57.767  INFO [http-nio-8085-exec-1] com.nseevents.nse_events_scheduler.service.NseEventFetchService : NSE Events fetch complete — 217 events retrieved
2026-04-16 14:48:57.770  WARN [http-nio-8085-exec-1] com.nseevents.nse_events_scheduler.controller.EventsController : No events found for [NIFTY MIDSMALL FINANCIAL SERVICES]
2026-04-16 14:49:00.049  INFO [http-nio-8085-exec-2] com.nseevents.nse_events_scheduler.controller.EventsController : GET /api/events?key=NIFTY FINANCIAL SERVICES EX-BANK
2026-04-16 14:49:00.050  INFO [http-nio-8084-exec-3] com.companynews.newsscheduler.controller.NewsController : GET /api/news requested for key=NIFTY FINANCIAL SERVICES EX-BANK
2026-04-16 14:49:00.052  INFO [http-nio-8085-exec-2] com.nseevents.nse_events_scheduler.controller.EventsController : DB miss — on-demand fetch from NSE for [NIFTY FINANCIAL SERVICES EX-BANK]
2026-04-16 14:49:00.052  INFO [http-nio-8084-exec-3] com.companynews.newsscheduler.controller.NewsController : Cache hit — returning DB data for key=NIFTY FINANCIAL SERVICES EX-BANK
2026-04-16 14:49:00.091  INFO [http-nio-8085-exec-2] com.nseevents.nse_events_scheduler.service.NseEventFetchService : NSE Events fetch complete — 217 events retrieved
2026-04-16 14:49:00.093  WARN [http-nio-8085-exec-2] com.nseevents.nse_events_scheduler.controller.EventsController : No events found for [NIFTY FINANCIAL SERVICES EX-BANK]
2026-04-16 14:49:03.049  INFO [http-nio-8084-exec-8] com.companynews.newsscheduler.controller.NewsController : GET /api/news requested for key=NIFTY FINANCIAL SERVICES 25/50
2026-04-16 14:49:03.049  INFO [http-nio-8085-exec-3] com.nseevents.nse_events_scheduler.controller.EventsController : GET /api/events?key=NIFTY FINANCIAL SERVICES 25/50
2026-04-16 14:49:03.051  INFO [http-nio-8085-exec-3] com.nseevents.nse_events_scheduler.controller.EventsController : DB miss — on-demand fetch from NSE for [NIFTY FINANCIAL SERVICES 25/50]
2026-04-16 14:49:03.052  INFO [http-nio-8084-exec-8] com.companynews.newsscheduler.controller.NewsController : Cache hit — returning DB data for key=NIFTY FINANCIAL SERVICES 25/50
2026-04-16 14:49:03.096  INFO [http-nio-8085-exec-3] com.nseevents.nse_events_scheduler.service.NseEventFetchService : NSE Events fetch complete — 217 events retrieved
2026-04-16 14:49:03.099  WARN [http-nio-8085-exec-3] com.nseevents.nse_events_scheduler.controller.EventsController : No events found for [NIFTY FINANCIAL SERVICES 25/50]
2026-04-16 14:49:06.852  INFO [http-nio-8085-exec-4] com.nseevents.nse_events_scheduler.controller.EventsController : GET /api/events?key=NIFTY CONSUMER DURABLES
2026-04-16 14:49:06.852  INFO [http-nio-8084-exec-7] com.companynews.newsscheduler.controller.NewsController : GET /api/news requested for key=NIFTY CONSUMER DURABLES
2026-04-16 14:49:06.854  INFO [http-nio-8085-exec-4] com.nseevents.nse_events_scheduler.controller.EventsController : DB miss — on-demand fetch from NSE for [NIFTY CONSUMER DURABLES]
2026-04-16 14:49:06.855  INFO [http-nio-8084-exec-7] com.companynews.newsscheduler.controller.NewsController : Cache hit — returning DB data for key=NIFTY CONSUMER DURABLES
2026-04-16 14:49:06.938  INFO [http-nio-8085-exec-4] com.nseevents.nse_events_scheduler.service.NseEventFetchService : NSE Events fetch complete — 217 events retrieved
2026-04-16 14:49:06.940  WARN [http-nio-8085-exec-4] com.nseevents.nse_events_scheduler.controller.EventsController : No events found for [NIFTY CONSUMER DURABLES]
2026-04-16 14:49:09.636  INFO [http-nio-8085-exec-5] com.nseevents.nse_events_scheduler.controller.EventsController : GET /api/events?key=NIFTY CHEMICALS
2026-04-16 14:49:09.636  INFO [http-nio-8084-exec-1] com.companynews.newsscheduler.controller.NewsController : GET /api/news requested for key=NIFTY CHEMICALS
2026-04-16 14:49:09.639  INFO [http-nio-8085-exec-5] com.nseevents.nse_events_scheduler.controller.EventsController : DB miss — on-demand fetch from NSE for [NIFTY CHEMICALS]
2026-04-16 14:49:09.640  INFO [http-nio-8084-exec-1] com.companynews.newsscheduler.controller.NewsController : Cache hit — returning DB data for key=NIFTY CHEMICALS
2026-04-16 14:49:09.701  INFO [http-nio-8085-exec-5] com.nseevents.nse_events_scheduler.service.NseEventFetchService : NSE Events fetch complete — 217 events retrieved
2026-04-16 14:49:09.704  WARN [http-nio-8085-exec-5] com.nseevents.nse_events_scheduler.controller.EventsController : No events found for [NIFTY CHEMICALS]
2026-04-16 14:49:12.225  INFO [http-nio-8081-exec-1] com.equity.fastmovers.controller.FastMoversController : GET /api/fast-movers?range=TODAY
2026-04-16 14:49:12.225  INFO [http-nio-8081-exec-1] com.equity.fastmovers.service.FastMoversService : getMovers called for range=TODAY
2026-04-16 14:49:18.087  INFO [http-nio-8081-exec-2] com.equity.fastmovers.controller.FastMoversController : GET /api/fast-movers?range=2D
2026-04-16 14:49:18.090  INFO [http-nio-8081-exec-2] com.equity.fastmovers.service.FastMoversService : getMovers called for range=2D
2026-04-16 14:49:20.035  INFO [http-nio-8081-exec-3] com.equity.fastmovers.controller.FastMoversController : GET /api/fast-movers?range=1D
2026-04-16 14:49:20.035  INFO [http-nio-8081-exec-3] com.equity.fastmovers.service.FastMoversService : getMovers called for range=1D
2026-04-16 14:49:21.534  INFO [http-nio-8081-exec-4] com.equity.fastmovers.controller.FastMoversController : GET /api/fast-movers?range=TODAY
2026-04-16 14:49:21.535  INFO [http-nio-8081-exec-4] com.equity.fastmovers.service.FastMoversService : getMovers called for range=TODAY
2026-04-16 14:49:30.288  INFO [http-nio-8085-exec-6] com.nseevents.nse_events_scheduler.controller.EventsController : GET /api/events?key=ASTEC
2026-04-16 14:49:30.289  INFO [http-nio-8084-exec-6] com.companynews.newsscheduler.controller.NewsController : GET /api/news requested for key=ASTEC
2026-04-16 14:49:30.304  INFO [http-nio-8085-exec-6] com.nseevents.nse_events_scheduler.controller.EventsController : DB miss — on-demand fetch from NSE for [ASTEC]
2026-04-16 14:49:30.304  INFO [http-nio-8084-exec-6] com.companynews.newsscheduler.controller.NewsController : Cache miss — fetching on-demand for key=ASTEC
2026-04-16 14:49:30.420  INFO [http-nio-8085-exec-6] com.nseevents.nse_events_scheduler.service.NseEventFetchService : NSE Events fetch complete — 217 events retrieved
2026-04-16 14:49:30.422  WARN [http-nio-8085-exec-6] com.nseevents.nse_events_scheduler.controller.EventsController : No events found for [ASTEC]
2026-04-16 14:49:30.479  INFO [http-nio-8084-exec-6] com.companynews.newsscheduler.service.NseFetcher : NSE JSON parsed successfully — 20 announcements retrieved
2026-04-16 14:49:30.912  INFO [http-nio-8084-exec-6] com.companynews.newsscheduler.service.RssFetcher : Google RSS parsed 5 items for keyword: ASTEC
2026-04-16 14:49:30.912  INFO [http-nio-8084-exec-6] com.companynews.newsscheduler.controller.NewsController : Google RSS on-demand: 5 new items found for key=ASTEC
2026-04-16 14:49:30.924  INFO [http-nio-8084-exec-6] com.companynews.newsscheduler.service.NewsWorker : Saved 5 new item(s) for keyword: ASTEC
2026-04-16 14:49:35.894  INFO [http-nio-8083-exec-2] com.watchlist.global.controller.GlobalWatchlistController : POST /api/global-watchlist/add — adding company 'ASTEC'
2026-04-16 14:49:35.894  INFO [http-nio-8083-exec-2] com.watchlist.global.service.GlobalWatchlistService : Adding new company 'ASTEC' to global watchlist
2026-04-16 14:49:36.621  INFO [http-nio-8083-exec-2] com.watchlist.global.service.GlobalWatchlistService : Company 'ASTEC' added to global watchlist successfully
2026-04-16 14:49:36.621  INFO [http-nio-8083-exec-2] com.watchlist.global.controller.GlobalWatchlistController : Company 'ASTEC' added to global watchlist
2026-04-16 14:49:36.678  INFO [http-nio-8084-exec-5] com.companynews.newsscheduler.controller.WatchlistEventController : Watchlist event received — new symbol: ASTEC — triggering immediate on-demand fetch
2026-04-16 14:49:36.716  INFO [http-nio-8084-exec-5] com.companynews.newsscheduler.service.RssFetcher : Google RSS parsed 5 items for keyword: ASTEC
2026-04-16 14:49:36.783  INFO [http-nio-8084-exec-5] com.companynews.newsscheduler.service.NseFetcher : NSE JSON parsed successfully — 20 announcements retrieved
2026-04-16 14:49:36.784  INFO [http-nio-8084-exec-5] com.companynews.newsscheduler.controller.WatchlistEventController : On-demand fetch complete for symbol: ASTEC — total items saved: 0
2026-04-16 14:49:59.995  INFO [scheduling-1] com.watchlist.global.service.GlobalWatchlistService : Refreshing prices for 51 companies...
2026-04-16 14:50:15.074  INFO [scheduling-1] com.watchlist.global.service.GlobalWatchlistService : Price refresh complete — updated 51 / 51 companies
2026-04-16 14:50:35.616  INFO [http-nio-8085-exec-8] com.nseevents.nse_events_scheduler.controller.EventsController : GET /api/events?key=JIOFIN
2026-04-16 14:50:35.618  INFO [http-nio-8084-exec-4] com.companynews.newsscheduler.controller.NewsController : GET /api/news requested for key=JIOFIN
2026-04-16 14:50:35.669  INFO [http-nio-8084-exec-4] com.companynews.newsscheduler.controller.NewsController : Cache hit — returning DB data for key=JIOFIN
2026-04-16 14:50:35.669  INFO [http-nio-8085-exec-8] com.nseevents.nse_events_scheduler.controller.EventsController : DB hit for [JIOFIN]
2026-04-16 14:50:38.613  INFO [http-nio-8081-exec-6] com.equity.fastmovers.controller.FastMoversController : GET /api/fast-movers?range=TODAY
2026-04-16 14:50:38.614  INFO [http-nio-8081-exec-6] com.equity.fastmovers.service.FastMoversService : getMovers called for range=TODAY
